<?xml version="1.0" encoding="UTF-8"?><backup date="2010-10-04 14:16" version="QBlog1.0"><ConfigEn class="name.huliqing.qblog.entity.ConfigEn"><data name="CON_EMAIL_ADDR_SERVER" value=""/><data name="CON_SYSTEM_LAYOUT" value="default"/><data name="CON_SYSTEM_DATE_FORMAT" value="yyyy-MM-dd HH:mm:ss"/><data name="CON_SYSTEM_TIME_ZONE" value="GMT+8"/><data name="CON_SYSTEM_ICO_ADDRESS" value="/qblog.ico"/><data name="CON_ARTICLE_RSS_ENABLE" value="true"/><data name="CON_ARTICLE_CACHE_LIMIT" value="80"/><data name="CON_REPLY_ENABLE" value="true"/><data name="CON_REPLY_NOTICE" value="true"/><data name="CON_REPLY_EDIT_LIMIT" value="3600"/><data name="CON_REPLY_PAGE_SIZE" value="20"/><data name="CON_REPLY_SORT_ASC" value="true"/><data name="CON_REPLY_CACHE_LAST_REPLY" value="10"/><data name="CON_REPLY_HTML_ESCAPE" value="true"/><data name="CON_PHOTO_CACHE_DAYS" value="360"/><data name="CON_PHOTO_CACHE_FOLDER" value="50"/></ConfigEn><PageEn class="name.huliqing.qblog.entity.PageEn"><data enabled="true" layout="default" name="我的文章" pageId="3" sort="1"/><data enabled="true" layout="default" name="我的相册" pageId="343" sort="2"/><data enabled="true" layout="default" name="音乐Music" pageId="113" sort="3"/><data enabled="true" layout="default" name="下载QBlog" pageId="4" sort="4"/></PageEn><ModuleEn class="name.huliqing.qblog.entity.ModuleEn"><data attributes="&lt;?xml version=&quot;1.0&quot; encoding=&quot;UTF-8&quot;?&gt;&lt;attributes&gt;&lt;attribute attrType=&quot;AttrHtmlEditor&quot; name=&quot;Content&quot; value=&quot;使用QBlog来快速建立自己的个人独立博客.&amp;lt;br /&amp;gt;部署快速、配置方便、使用简单&amp;lt;br /&amp;gt;&quot;/&gt;&lt;/attributes&gt;" autoStyle="true" des="" displayName="true" enabled="true" moduleId="1" name="QBlog公告" processor="name.huliqing.qblog.processor.impl.DefaultProcessor"/><data attributes="" autoStyle="false" des="" displayName="false" enabled="true" moduleId="2" name="导航栏" processor="name.huliqing.qblog.processor.impl.NavigationProcessor"/><data attributes="&lt;?xml version=&quot;1.0&quot; encoding=&quot;UTF-8&quot;?&gt;&lt;attributes&gt;&lt;attribute attrType=&quot;AttrInputText&quot; name=&quot;PageSize&quot; value=&quot;8&quot;/&gt;&lt;attribute attrType=&quot;AttrInputText&quot; name=&quot;DisplayPage&quot; value=&quot;3&quot;/&gt;&lt;attribute attrType=&quot;AttrSelectBooleanCheckbox&quot; name=&quot;DisplayJump&quot; value=&quot;false&quot;/&gt;&lt;attribute attrType=&quot;AttrSelectBooleanCheckbox&quot; name=&quot;Show Summary&quot; value=&quot;true&quot;/&gt;&lt;attribute attrType=&quot;AttrSelectBooleanCheckbox&quot; name=&quot;Show Footer&quot; value=&quot;true&quot;/&gt;&lt;attribute attrType=&quot;AttrSelectOneRadio&quot; name=&quot;Target&quot; value=&quot;_self&quot;/&gt;&lt;attribute attrType=&quot;AttrSelectOneRadio&quot; name=&quot;Display&quot; value=&quot;bottom&quot;/&gt;&lt;attribute attrType=&quot;AttrSelectOneRadio&quot; name=&quot;Face&quot; value=&quot;1&quot;/&gt;&lt;attribute attrType=&quot;AttrInputText&quot; name=&quot;TimeZone&quot; value=&quot;GMT+8&quot;/&gt;&lt;attribute attrType=&quot;AttrInputText&quot; name=&quot;Pattern&quot; value=&quot;yyyy-MM-dd HH:mm&quot;/&gt;&lt;/attributes&gt;" autoStyle="true" des="" displayName="false" enabled="true" moduleId="7" name="我的文章" processor="name.huliqing.qblog.processor.impl.ArticlesProcessor"/><data attributes="&lt;?xml version=&quot;1.0&quot; encoding=&quot;UTF-8&quot;?&gt;&lt;attributes&gt;&lt;attribute attrType=&quot;AttrInputText&quot; name=&quot;Pop Panel&quot; value=&quot;false&quot;/&gt;&lt;attribute attrType=&quot;AttrInputText&quot; name=&quot;Today&quot; value=&quot;true&quot;/&gt;&lt;/attributes&gt;" autoStyle="true" des="" displayName="true" enabled="true" moduleId="29" name="我的日历" processor="name.huliqing.qblog.processor.impl.CalendarProcessor"/><data attributes="&lt;?xml version=&quot;1.0&quot; encoding=&quot;UTF-8&quot;?&gt;&lt;attributes&gt;&lt;attribute attrType=&quot;AttrInputText&quot; name=&quot;Size&quot; value=&quot;6&quot;/&gt;&lt;attribute attrType=&quot;AttrInputText&quot; name=&quot;Show Index&quot; value=&quot;true&quot;/&gt;&lt;attribute attrType=&quot;AttrInputText&quot; name=&quot;Show Date&quot; value=&quot;false&quot;/&gt;&lt;attribute attrType=&quot;AttrInputText&quot; name=&quot;Date Format&quot; value=&quot;yyyy-MM-dd HH:mm&quot;/&gt;&lt;attribute attrType=&quot;AttrInputText&quot; name=&quot;Time Zone&quot; value=&quot;GMT+8&quot;/&gt;&lt;/attributes&gt;" autoStyle="true" des="" displayName="true" enabled="true" moduleId="34" name="最近发表的文章" processor="name.huliqing.qblog.processor.impl.RecentPostArticleProcessor"/><data attributes="&lt;?xml version=&quot;1.0&quot; encoding=&quot;UTF-8&quot;?&gt;&lt;attributes&gt;&lt;attribute attrType=&quot;AttrHtmlEditor&quot; name=&quot;Content&quot; value=&quot;&amp;lt;img src=&amp;quot;/_res/image/qblog.png&amp;quot; alt=&amp;quot;&amp;quot;/&amp;gt;&quot;/&gt;&lt;/attributes&gt;" autoStyle="false" des="" displayName="false" enabled="true" moduleId="40" name="页首(Logo)" processor="name.huliqing.qblog.processor.impl.DefaultProcessor"/><data attributes="&lt;?xml version=&quot;1.0&quot; encoding=&quot;UTF-8&quot;?&gt;&lt;attributes&gt;&lt;attribute attrType=&quot;AttrHtmlEditor&quot; name=&quot;Content&quot; value=&quot;&amp;lt;img alt=&amp;quot;由 Google App Engine 提供支持&amp;quot; src=&amp;quot;/_res/image/gae.gif&amp;quot; style=&amp;quot;float: right;&amp;quot;/&amp;gt;&amp;#13;&amp;#10;&amp;lt;div style=&amp;quot;text-align: center;&amp;quot;&amp;gt;&amp;#13;&amp;#10;    &amp;lt;div style=&amp;quot;text-align: left;&amp;quot;&amp;gt;&amp;#13;&amp;#10;        Copyright © 2010 &amp;lt;font color=&amp;quot;green&amp;quot;&amp;gt;QBlog&amp;lt;/font&amp;gt; v0.94&amp;#13;&amp;#10;&amp;#9;&amp;lt;br /&amp;gt; Powered by &amp;lt;a target=&amp;quot;_blank&amp;quot; href=&amp;quot;http://www.huliqing.name/&amp;quot;&amp;gt; huliqing.name&amp;lt;/a&amp;gt;&amp;lt;br /&amp;gt;&amp;lt;br /&amp;gt;&amp;#13;&amp;#10;    &amp;lt;/div&amp;gt;&amp;#13;&amp;#10;    &amp;#13;&amp;#10;&amp;lt;/div&amp;gt;&amp;#13;&amp;#10;&amp;lt;div style=&amp;quot;clear: both;&amp;quot;&amp;gt;&amp;lt;/div&amp;gt;&quot;/&gt;&lt;/attributes&gt;" autoStyle="false" des="" displayName="false" enabled="true" moduleId="47" name="页脚(Footer)" processor="name.huliqing.qblog.processor.impl.DefaultProcessor"/><data attributes="&lt;?xml version=&quot;1.0&quot; encoding=&quot;UTF-8&quot;?&gt;&lt;attributes&gt;&lt;attribute attrType=&quot;AttrInputText&quot; name=&quot;Size&quot; value=&quot;6&quot;/&gt;&lt;attribute attrType=&quot;AttrInputText&quot; name=&quot;Show Index&quot; value=&quot;true&quot;/&gt;&lt;attribute attrType=&quot;AttrInputText&quot; name=&quot;Show Date&quot; value=&quot;false&quot;/&gt;&lt;attribute attrType=&quot;AttrInputText&quot; name=&quot;Date Format&quot; value=&quot;yyyy-MM-dd HH:mm&quot;/&gt;&lt;attribute attrType=&quot;AttrInputText&quot; name=&quot;Time Zone&quot; value=&quot;GMT+8&quot;/&gt;&lt;/attributes&gt;" autoStyle="true" des="" displayName="true" enabled="true" moduleId="55" name="最近回复" processor="name.huliqing.qblog.processor.impl.RecentReplyProcessor"/><data attributes="&lt;?xml version=&quot;1.0&quot; encoding=&quot;UTF-8&quot;?&gt;&lt;attributes&gt;&lt;attribute attrType=&quot;AttrSelectManyCheckbox&quot; name=&quot;TAG&quot; value=&quot;all,AppEngine,JSF,Java,QBlog&quot;/&gt;&lt;attribute attrType=&quot;AttrSelectBooleanCheckbox&quot; name=&quot;Show Index&quot; value=&quot;true&quot;/&gt;&lt;attribute attrType=&quot;AttrSelectBooleanCheckbox&quot; name=&quot;Sum Article&quot; value=&quot;true&quot;/&gt;&lt;attribute attrType=&quot;AttrSelectOneRadio&quot; name=&quot;Target&quot; value=&quot;_self&quot;/&gt;&lt;attribute attrType=&quot;AttrInputText&quot; name=&quot;RSS Image&quot; value=&quot;/_res/image/rss.jpg&quot;/&gt;&lt;attribute attrType=&quot;AttrInputText&quot; name=&quot;Size&quot; value=&quot;20&quot;/&gt;&lt;attribute attrType=&quot;AttrInputText&quot; name=&quot;Title&quot; value=&quot;QBlog - RSS&quot;/&gt;&lt;attribute attrType=&quot;AttrInputText&quot; name=&quot;Link&quot; value=&quot;&quot;/&gt;&lt;attribute attrType=&quot;AttrInputText&quot; name=&quot;Description&quot; value=&quot;&quot;/&gt;&lt;attribute attrType=&quot;AttrInputText&quot; name=&quot;Copyright&quot; value=&quot;Copy right © 2010 QBlog&quot;/&gt;&lt;attribute attrType=&quot;AttrInputText&quot; name=&quot;Time Zone&quot; value=&quot;GMT+8&quot;/&gt;&lt;/attributes&gt;" autoStyle="true" des="" displayName="true" enabled="true" moduleId="77" name="RSS 订阅" processor="name.huliqing.qblog.processor.impl.RSSProcessor"/><data attributes="&lt;?xml version=&quot;1.0&quot; encoding=&quot;UTF-8&quot;?&gt;&lt;attributes&gt;&lt;attribute attrType=&quot;AttrHtmlEditor&quot; name=&quot;Content&quot; value=&quot;QBlog 是一个独立博客程序,使用Java开发，运行于AppEngine&amp;lt;br /&amp;gt;&amp;lt;br /&amp;gt;&amp;lt;span style=&amp;quot;font-weight: bold;&amp;quot;&amp;gt;一、QBlog的特点&amp;lt;/span&amp;gt;&amp;lt;br /&amp;gt;&amp;lt;br /&amp;gt;&amp;lt;div style=&amp;quot;margin-left: 40px;&amp;quot;&amp;gt;简单、易用、高效、免费.&amp;lt;br /&amp;gt;&amp;lt;br /&amp;gt;可视化配置：页面的布局及模块的部署轻松自由,拖放操作，页面支持独立模版。&amp;lt;br /&amp;gt;&amp;lt;br /&amp;gt;完全组件化: 部署简单快速,一键搞定.&amp;lt;br /&amp;gt;&amp;lt;br /&amp;gt;备份及恢复：配置信息自由备份，轻松切换，一键搞定。&amp;lt;br /&amp;gt;&amp;lt;br /&amp;gt;1G的相册空间完全自由分配,支持外链。&amp;lt;br /&amp;gt;&amp;lt;br /&amp;gt;&amp;lt;/div&amp;gt;&amp;lt;br /&amp;gt;&amp;lt;span style=&amp;quot;font-weight: bold;&amp;quot;&amp;gt;二、运行环境&amp;lt;/span&amp;gt;&amp;lt;br /&amp;gt;&amp;lt;br /&amp;gt;&amp;lt;div style=&amp;quot;margin-left: 40px;&amp;quot;&amp;gt;QBlog运行在Google的免费服务器AppEngine中，它提供了多达1G的高效免费空间。&amp;lt;br /&amp;gt;&amp;lt;br /&amp;gt;&amp;lt;/div&amp;gt;&amp;lt;br /&amp;gt;&amp;lt;span style=&amp;quot;font-weight: bold;&amp;quot;&amp;gt;三、QBlog的程序开发&amp;lt;/span&amp;gt;&amp;lt;br /&amp;gt;&amp;lt;br /&amp;gt;&amp;lt;div style=&amp;quot;margin-left: 40px;&amp;quot;&amp;gt;编程语言：Java 1.6&amp;lt;br /&amp;gt;&amp;lt;br /&amp;gt;开发工具：NetBeans 6.8&amp;lt;br /&amp;gt;&amp;lt;br /&amp;gt;集成框架：JSF2.0, QFaces2.0(Ajax &amp;lt;span class=&amp;quot;trans&amp;quot;&amp;gt;Framework&amp;lt;/span&amp;gt;),  JPA&amp;lt;br /&amp;gt;&amp;lt;br /&amp;gt;服务器：App Engine1.3.5 (Google)&amp;lt;br /&amp;gt;&amp;lt;br /&amp;gt;作者：Huliqing (Email: huliqing.cn@gmail.com, QQ:31703299)&amp;lt;br /&amp;gt;&amp;lt;/div&amp;gt;&quot;/&gt;&lt;/attributes&gt;" autoStyle="false" des="" displayName="false" enabled="true" moduleId="208" name="关于QBlog" processor="name.huliqing.qblog.processor.impl.DefaultProcessor"/><data attributes="&lt;?xml version=&quot;1.0&quot; encoding=&quot;UTF-8&quot;?&gt;&lt;attributes&gt;&lt;attribute attrType=&quot;AttrHtmlEditor&quot; name=&quot;Content&quot; value=&quot;&amp;lt;div style=&amp;quot;margin-top: -6px; margin-left: -3px;&amp;quot;&amp;gt;&amp;#13;&amp;#10;&amp;lt;script type=&amp;quot;text/javascript&amp;quot;&amp;gt;&amp;lt;!--&amp;#13;&amp;#10;google_ad_client = &amp;quot;pub-0155192758955646&amp;quot;;&amp;#13;&amp;#10;/* 728x15, 创建于 10-8-1 */&amp;#13;&amp;#10;google_ad_slot = &amp;quot;2921691708&amp;quot;;&amp;#13;&amp;#10;google_ad_width = 700;&amp;#13;&amp;#10;google_ad_height = 15;&amp;#13;&amp;#10;//--&amp;gt;&amp;#13;&amp;#10;&amp;lt;/script&amp;gt;&amp;#13;&amp;#10;&amp;lt;script type=&amp;quot;text/javascript&amp;quot; src=&amp;quot;http://pagead2.googlesyndication.com/pagead/show_ads.js&amp;quot;&amp;gt;&amp;#13;&amp;#10;&amp;lt;/script&amp;gt;&amp;#13;&amp;#10;&amp;lt;/div&amp;gt;&quot;/&gt;&lt;/attributes&gt;" autoStyle="true" des="" displayName="false" enabled="true" moduleId="334" name="内容广告" processor="name.huliqing.qblog.processor.impl.DefaultProcessor"/><data attributes="&lt;?xml version=&quot;1.0&quot; encoding=&quot;UTF-8&quot;?&gt;&lt;attributes&gt;&lt;attribute attrType=&quot;AttrInputText&quot; name=&quot;Columns&quot; value=&quot;1&quot;/&gt;&lt;attribute attrType=&quot;AttrSelectOneRadio&quot; name=&quot;Order&quot; value=&quot;createDate&quot;/&gt;&lt;attribute attrType=&quot;AttrSelectOneRadio&quot; name=&quot;Sort&quot; value=&quot;false&quot;/&gt;&lt;attribute attrType=&quot;AttrInputText&quot; name=&quot;Page Size&quot; value=&quot;4&quot;/&gt;&lt;attribute attrType=&quot;AttrInputText&quot; name=&quot;Display Page&quot; value=&quot;3&quot;/&gt;&lt;attribute attrType=&quot;AttrSelectBooleanCheckbox&quot; name=&quot;Display Jump&quot; value=&quot;false&quot;/&gt;&lt;attribute attrType=&quot;AttrSelectBooleanCheckbox&quot; name=&quot;Show Info&quot; value=&quot;false&quot;/&gt;&lt;attribute attrType=&quot;AttrSelectOneRadio&quot; name=&quot;Display&quot; value=&quot;bottom&quot;/&gt;&lt;attribute attrType=&quot;AttrSelectOneRadio&quot; name=&quot;Face&quot; value=&quot;1&quot;/&gt;&lt;attribute attrType=&quot;AttrSelectOneRadio&quot; name=&quot;Scroller&quot; value=&quot;true&quot;/&gt;&lt;attribute attrType=&quot;AttrSelectOneRadio&quot; name=&quot;Position&quot; value=&quot;center&quot;/&gt;&lt;attribute attrType=&quot;AttrSelectBooleanCheckbox&quot; name=&quot;Show Private&quot; value=&quot;true&quot;/&gt;&lt;/attributes&gt;" autoStyle="true" des="" displayName="true" enabled="true" moduleId="361" name="相册集" processor="name.huliqing.qblog.processor.impl.AlbumProcessor"/><data attributes="&lt;?xml version=&quot;1.0&quot; encoding=&quot;UTF-8&quot;?&gt;&lt;attributes&gt;&lt;attribute attrType=&quot;AttrInputText&quot; name=&quot;Default Album&quot; value=&quot;&quot;/&gt;&lt;attribute attrType=&quot;AttrSelectBooleanCheckbox&quot; name=&quot;Always&quot; value=&quot;false&quot;/&gt;&lt;attribute attrType=&quot;AttrInputText&quot; name=&quot;Columns&quot; value=&quot;4&quot;/&gt;&lt;attribute attrType=&quot;AttrSelectOneRadio&quot; name=&quot;Order&quot; value=&quot;createDate&quot;/&gt;&lt;attribute attrType=&quot;AttrSelectOneRadio&quot; name=&quot;Sort&quot; value=&quot;true&quot;/&gt;&lt;attribute attrType=&quot;AttrInputText&quot; name=&quot;Page Size&quot; value=&quot;8&quot;/&gt;&lt;attribute attrType=&quot;AttrInputText&quot; name=&quot;Display Page&quot; value=&quot;9&quot;/&gt;&lt;attribute attrType=&quot;AttrSelectBooleanCheckbox&quot; name=&quot;Display Jump&quot; value=&quot;false&quot;/&gt;&lt;attribute attrType=&quot;AttrSelectBooleanCheckbox&quot; name=&quot;Show Info&quot; value=&quot;true&quot;/&gt;&lt;attribute attrType=&quot;AttrSelectOneRadio&quot; name=&quot;Display&quot; value=&quot;bottom&quot;/&gt;&lt;attribute attrType=&quot;AttrSelectOneRadio&quot; name=&quot;Face&quot; value=&quot;1&quot;/&gt;&lt;attribute attrType=&quot;AttrSelectOneRadio&quot; name=&quot;Scroller&quot; value=&quot;true&quot;/&gt;&lt;attribute attrType=&quot;AttrSelectOneRadio&quot; name=&quot;Position&quot; value=&quot;center&quot;/&gt;&lt;attribute attrType=&quot;AttrSelectBooleanCheckbox&quot; name=&quot;Show Name&quot; value=&quot;true&quot;/&gt;&lt;attribute attrType=&quot;AttrSelectBooleanCheckbox&quot; name=&quot;Show Size&quot; value=&quot;true&quot;/&gt;&lt;attribute attrType=&quot;AttrSelectBooleanCheckbox&quot; name=&quot;Show Edit&quot; value=&quot;false&quot;/&gt;&lt;attribute attrType=&quot;AttrSelectBooleanCheckbox&quot; name=&quot;Show Line&quot; value=&quot;false&quot;/&gt;&lt;attribute attrType=&quot;AttrInputText&quot; name=&quot;Spacing&quot; value=&quot;5&quot;/&gt;&lt;attribute attrType=&quot;AttrInputText&quot; name=&quot;Table Width&quot; value=&quot;100%&quot;/&gt;&lt;attribute attrType=&quot;AttrInputText&quot; name=&quot;Pic Max Width&quot; value=&quot;100&quot;/&gt;&lt;attribute attrType=&quot;AttrInputText&quot; name=&quot;FC Required&quot; value=&quot;您正试图访问受保护的相册，这需要提供“获取码”才能访问.&quot;/&gt;&lt;attribute attrType=&quot;AttrInputText&quot; name=&quot;FC Error&quot; value=&quot;您输入的“获取码”错误,您可以尝试向博主索取获取码&quot;/&gt;&lt;attribute attrType=&quot;AttrInputText&quot; name=&quot;FC Color&quot; value=&quot;red&quot;/&gt;&lt;attribute attrType=&quot;AttrInputText&quot; name=&quot;FC Position&quot; value=&quot;500,200&quot;/&gt;&lt;/attributes&gt;" autoStyle="true" des="" displayName="true" enabled="true" moduleId="362" name="图片集" processor="name.huliqing.qblog.processor.impl.PhotoProcessor"/><data attributes="&lt;?xml version=&quot;1.0&quot; encoding=&quot;UTF-8&quot;?&gt;&lt;attributes&gt;&lt;attribute attrType=&quot;AttrInputTextarea&quot; name=&quot;List&quot; value=&quot;54602842,55900471,lid=7136365&quot;/&gt;&lt;attribute attrType=&quot;AttrSelectBooleanCheckbox&quot; name=&quot;Auto Start&quot; value=&quot;true&quot;/&gt;&lt;attribute attrType=&quot;AttrInputText&quot; name=&quot;Play Index&quot; value=&quot;&quot;/&gt;&lt;attribute attrType=&quot;AttrInputText&quot; name=&quot;Width&quot; value=&quot;480&quot;/&gt;&lt;attribute attrType=&quot;AttrInputText&quot; name=&quot;Height&quot; value=&quot;400&quot;/&gt;&lt;/attributes&gt;" autoStyle="true" des="54602842 - DJ，热舞&#13;&#10;55900471 - 死神OP&#13;&#10;7136365 - 豆单列表，经典的动画音乐" displayName="true" enabled="true" moduleId="399" name="土豆播放器" processor="name.huliqing.qblog.processor.impl.TuDouFlashPlayerProcessor"/><data attributes="&lt;?xml version=&quot;1.0&quot; encoding=&quot;UTF-8&quot;?&gt;&lt;attributes&gt;&lt;attribute attrType=&quot;AttrHtmlEditor&quot; name=&quot;Content&quot; value=&quot;&amp;lt;ul&amp;gt;&amp;lt;li&amp;gt;&amp;lt;a href=&amp;quot;?iid=54602842&amp;quot;&amp;gt;DJ热舞&amp;lt;/a&amp;gt;&amp;lt;/li&amp;gt;&amp;lt;/ul&amp;gt;&amp;lt;ul&amp;gt;&amp;lt;li&amp;gt;&amp;lt;a href=&amp;quot;?iid=55900471&amp;quot;&amp;gt;死神OP&amp;lt;/a&amp;gt;&amp;lt;/li&amp;gt;&amp;lt;/ul&amp;gt;&amp;lt;ul&amp;gt;&amp;lt;li&amp;gt;&amp;lt;a href=&amp;quot;?lid=7136365&amp;quot;&amp;gt;经典动画音乐&amp;lt;/a&amp;gt;&amp;lt;/li&amp;gt;&amp;lt;/ul&amp;gt;&quot;/&gt;&lt;/attributes&gt;" autoStyle="true" des="" displayName="true" enabled="true" moduleId="27" name="示例音乐列表" processor="name.huliqing.qblog.processor.impl.DefaultProcessor"/></ModuleEn><PageModuleEn class="name.huliqing.qblog.entity.PageModuleEn"><data moduleGroup="TOP" moduleId="40" pageId="3" pageModuleId="1" sort="1"/><data moduleGroup="NAVIGATION" moduleId="2" pageId="3" pageModuleId="2" sort="1"/><data moduleGroup="MENU" moduleId="29" pageId="3" pageModuleId="3" sort="1"/><data moduleGroup="MENU" moduleId="34" pageId="3" pageModuleId="4" sort="2"/><data moduleGroup="MENU" moduleId="55" pageId="3" pageModuleId="5" sort="3"/><data moduleGroup="MENU" moduleId="77" pageId="3" pageModuleId="6" sort="4"/><data moduleGroup="CONTENT" moduleId="7" pageId="3" pageModuleId="7" sort="1"/><data moduleGroup="FOOTER" moduleId="47" pageId="3" pageModuleId="8" sort="1"/><data moduleGroup="FOOTER" moduleId="334" pageId="3" pageModuleId="9" sort="2"/><data moduleGroup="TOP" moduleId="40" pageId="343" pageModuleId="10" sort="1"/><data moduleGroup="NAVIGATION" moduleId="2" pageId="343" pageModuleId="11" sort="1"/><data moduleGroup="MENU" moduleId="361" pageId="343" pageModuleId="12" sort="1"/><data moduleGroup="CONTENT" moduleId="362" pageId="343" pageModuleId="13" sort="1"/><data moduleGroup="CONTENT" moduleId="34" pageId="343" pageModuleId="14" sort="2"/><data moduleGroup="CONTENT" moduleId="334" pageId="343" pageModuleId="15" sort="3"/><data moduleGroup="FOOTER" moduleId="47" pageId="343" pageModuleId="16" sort="1"/><data moduleGroup="TOP" moduleId="40" pageId="113" pageModuleId="28" sort="1"/><data moduleGroup="NAVIGATION" moduleId="2" pageId="113" pageModuleId="29" sort="1"/><data moduleGroup="MENU" moduleId="27" pageId="113" pageModuleId="30" sort="1"/><data moduleGroup="CONTENT" moduleId="399" pageId="113" pageModuleId="31" sort="1"/><data moduleGroup="CONTENT" moduleId="34" pageId="113" pageModuleId="32" sort="2"/><data moduleGroup="FOOTER" moduleId="47" pageId="113" pageModuleId="33" sort="1"/><data moduleGroup="TOP" moduleId="40" pageId="4" pageModuleId="34" sort="1"/><data moduleGroup="NAVIGATION" moduleId="2" pageId="4" pageModuleId="35" sort="1"/><data moduleGroup="MENU" moduleId="1" pageId="4" pageModuleId="36" sort="1"/><data moduleGroup="CONTENT" moduleId="208" pageId="4" pageModuleId="37" sort="1"/><data moduleGroup="CONTENT" moduleId="334" pageId="4" pageModuleId="38" sort="2"/><data moduleGroup="FOOTER" moduleId="47" pageId="4" pageModuleId="39" sort="1"/></PageModuleEn></backup>