<?xml version="1.0" encoding="UTF-8"?><backup date="2010-10-16 20:21" version="QBlog1.0"><ConfigEn class="name.huliqing.qblog.entity.ConfigEn"><data name="CON_EMAIL_ADDR_SERVER" value=""/><data name="CON_SYSTEM_LAYOUT" value="default"/><data name="CON_SYSTEM_DATE_FORMAT" value="yyyy-MM-dd HH:mm:ss"/><data name="CON_SYSTEM_TIME_ZONE" value="GMT+8"/><data name="CON_SYSTEM_ICO_ADDRESS" value="/qblog.ico"/><data name="CON_ARTICLE_RSS_ENABLE" value="true"/><data name="CON_ARTICLE_CACHE_LIMIT" value="80"/><data name="CON_ARTICLE_SUMMARY_LIMIT" value="300"/><data name="CON_REPLY_ENABLE" value="true"/><data name="CON_REPLY_NOTICE" value="true"/><data name="CON_REPLY_EDIT_LIMIT" value="3600"/><data name="CON_REPLY_PAGE_SIZE" value="20"/><data name="CON_REPLY_SORT_ASC" value="true"/><data name="CON_REPLY_CACHE_LAST_REPLY" value="10"/><data name="CON_REPLY_HTML_ESCAPE" value="true"/><data name="CON_PHOTO_CACHE_DAYS" value="360"/><data name="CON_PHOTO_CACHE_FOLDER" value="50"/><data name="CON_METAWEBLOG_BLOG_NAME" value=""/><data name="CON_METAWEBLOG_SITE" value=""/><data name="CON_METAWEBLOG_ALBUM" value=""/></ConfigEn><PageEn class="name.huliqing.qblog.entity.PageEn"><data enabled="true" layout="qblog01" name="我的文章" pageId="3" sort="1"/><data enabled="true" layout="qblog01" name="我的相册" pageId="343" sort="2"/><data enabled="true" layout="qblog01" name="喜欢的音乐" pageId="113" sort="3"/><data enabled="true" layout="qblog01" name="QBlog下载" pageId="4" sort="4"/></PageEn><ModuleEn class="name.huliqing.qblog.entity.ModuleEn"><data attributes="&lt;?xml version=&quot;1.0&quot; encoding=&quot;UTF-8&quot;?&gt;&lt;attributes&gt;&lt;attribute attrType=&quot;AttrHtmlEditor&quot; name=&quot;Content&quot; value=&quot;QBlog是一个开源的独立博客系统。部署容易、配置方便、上手轻松—— 30分钟内零费用快速建立自己的独立博客.&amp;lt;br /&amp;gt;&amp;#13;&amp;#10;&amp;lt;a style=&amp;quot;text-decoration: none;&amp;quot; href=&amp;quot;http://huliqing-blog.appspot.com/page/pageId=4&amp;quot;&amp;gt;&amp;#13;&amp;#10;&amp;#13;&amp;#10;&amp;lt;img src=&amp;quot;/_res/image/lgplv3.png&amp;quot; alt=&amp;quot;LGPLv3&amp;quot; style=&amp;quot;vertical-align: middle; width: 68px; height: 24px;&amp;quot; border=&amp;quot;0&amp;quot;/&amp;gt;&amp;#13;&amp;#10;&amp;lt;font style=&amp;quot;font-family: Impact; color: green;&amp;quot; size=&amp;quot;4&amp;quot;&amp;gt;下载QBlog&amp;lt;/font&amp;gt;&amp;#13;&amp;#10;&amp;#13;&amp;#10;&amp;lt;/a&amp;gt;&amp;#13;&amp;#10;&amp;#13;&amp;#10;&quot;/&gt;&lt;/attributes&gt;" autoStyle="true" des="公告，编辑这个内容,改为你想要说的" displayName="true" enabled="true" moduleId="1" name="想说点什么" processor="name.huliqing.qblog.processor.impl.DefaultProcessor"/><data attributes="&lt;?xml version=&quot;1.0&quot; encoding=&quot;UTF-8&quot;?&gt;&lt;attributes&gt;&lt;attribute attrType=&quot;AttrSelectOneRadio&quot; name=&quot;Mode&quot; value=&quot;0&quot;/&gt;&lt;attribute attrType=&quot;AttrSelectOneRadio&quot; name=&quot;Align&quot; value=&quot;0&quot;/&gt;&lt;attribute attrType=&quot;AttrSelectOneRadio&quot; name=&quot;Align Text&quot; value=&quot;1&quot;/&gt;&lt;/attributes&gt;" autoStyle="false" des="默认导航栏,系统至少需要一个导航栏，否则你将不能导航到你所创建的页面。如果你误删除了，那么使用“导航栏渲染器”来重新创建一个。" displayName="false" enabled="true" moduleId="2" name="导航栏" processor="name.huliqing.qblog.processor.impl.NavigationProcessor"/><data attributes="&lt;?xml version=&quot;1.0&quot; encoding=&quot;UTF-8&quot;?&gt;&lt;attributes&gt;&lt;attribute attrType=&quot;AttrInputText&quot; name=&quot;PageSize&quot; value=&quot;10&quot;/&gt;&lt;attribute attrType=&quot;AttrInputText&quot; name=&quot;DisplayPage&quot; value=&quot;9&quot;/&gt;&lt;attribute attrType=&quot;AttrSelectBooleanCheckbox&quot; name=&quot;DisplayJump&quot; value=&quot;false&quot;/&gt;&lt;attribute attrType=&quot;AttrSelectBooleanCheckbox&quot; name=&quot;Show Summary&quot; value=&quot;true&quot;/&gt;&lt;attribute attrType=&quot;AttrSelectBooleanCheckbox&quot; name=&quot;Show Footer&quot; value=&quot;true&quot;/&gt;&lt;attribute attrType=&quot;AttrSelectOneRadio&quot; name=&quot;Target&quot; value=&quot;_self&quot;/&gt;&lt;attribute attrType=&quot;AttrSelectOneRadio&quot; name=&quot;Display&quot; value=&quot;bottom&quot;/&gt;&lt;attribute attrType=&quot;AttrSelectOneRadio&quot; name=&quot;Face&quot; value=&quot;1&quot;/&gt;&lt;attribute attrType=&quot;AttrInputText&quot; name=&quot;TimeZone&quot; value=&quot;GMT+8&quot;/&gt;&lt;attribute attrType=&quot;AttrInputText&quot; name=&quot;Pattern&quot; value=&quot;yyyy-MM-dd HH:mm&quot;/&gt;&lt;/attributes&gt;" autoStyle="true" des="显示我所公开发表的日志" displayName="false" enabled="true" moduleId="7" name="我的文章" processor="name.huliqing.qblog.processor.impl.ArticlesProcessor"/><data attributes="&lt;?xml version=&quot;1.0&quot; encoding=&quot;UTF-8&quot;?&gt;&lt;attributes&gt;&lt;attribute attrType=&quot;AttrSelectBooleanCheckbox&quot; name=&quot;Pop Panel&quot; value=&quot;true&quot;/&gt;&lt;attribute attrType=&quot;AttrSelectBooleanCheckbox&quot; name=&quot;Today&quot; value=&quot;true&quot;/&gt;&lt;/attributes&gt;" autoStyle="true" des="日历事件，显示当月都有那些天发表过日志。" displayName="true" enabled="true" moduleId="29" name="那一天,我写Blog了" processor="name.huliqing.qblog.processor.impl.CalendarProcessor"/><data attributes="&lt;?xml version=&quot;1.0&quot; encoding=&quot;UTF-8&quot;?&gt;&lt;attributes&gt;&lt;attribute attrType=&quot;AttrInputText&quot; name=&quot;Size&quot; value=&quot;6&quot;/&gt;&lt;attribute attrType=&quot;AttrSelectBooleanCheckbox&quot; name=&quot;Show Index&quot; value=&quot;true&quot;/&gt;&lt;attribute attrType=&quot;AttrSelectBooleanCheckbox&quot; name=&quot;Show Date&quot; value=&quot;false&quot;/&gt;&lt;attribute attrType=&quot;AttrSelectBooleanCheckbox&quot; name=&quot;Show Edit&quot; value=&quot;false&quot;/&gt;&lt;attribute attrType=&quot;AttrSelectOneRadio&quot; name=&quot;Target&quot; value=&quot;_self&quot;/&gt;&lt;attribute attrType=&quot;AttrInputText&quot; name=&quot;Date Format&quot; value=&quot;yyyy-MM-dd HH:mm&quot;/&gt;&lt;attribute attrType=&quot;AttrInputText&quot; name=&quot;Time Zone&quot; value=&quot;GMT+8&quot;/&gt;&lt;/attributes&gt;" autoStyle="true" des="显示我最近发表的文章" displayName="true" enabled="true" moduleId="34" name="最近发表的文章" processor="name.huliqing.qblog.processor.impl.RecentPostArticleProcessor"/><data attributes="&lt;?xml version=&quot;1.0&quot; encoding=&quot;UTF-8&quot;?&gt;&lt;attributes&gt;&lt;attribute attrType=&quot;AttrHtmlEditor&quot; name=&quot;Content&quot; value=&quot;&amp;lt;img src=&amp;quot;/_res/image/qblog.png&amp;quot; alt=&amp;quot;&amp;quot; style=&amp;quot;float: left;&amp;quot;/&amp;gt;&amp;lt;div style=&amp;quot;text-align: right; color: gray;&amp;quot;&amp;gt;&amp;lt;br /&amp;gt;&amp;lt;font style=&amp;quot;font-family: 楷体;&amp;quot; size=&amp;quot;5&amp;quot;&amp;gt;沉淀&amp;lt;/font&amp;gt;...&amp;lt;br /&amp;gt;&amp;lt;/div&amp;gt;&amp;#13;&amp;#10;&amp;lt;div style=&amp;quot;clear: both;&amp;quot;&amp;gt;&amp;lt;/div&amp;gt;&quot;/&gt;&lt;/attributes&gt;" autoStyle="false" des="网站的top, 编辑内容，放上你的Logo,放上你的名字。" displayName="false" enabled="true" moduleId="40" name="页首(Logo)" processor="name.huliqing.qblog.processor.impl.DefaultProcessor"/><data attributes="&lt;?xml version=&quot;1.0&quot; encoding=&quot;UTF-8&quot;?&gt;&lt;attributes&gt;&lt;attribute attrType=&quot;AttrHtmlEditor&quot; name=&quot;Content&quot; value=&quot;&amp;lt;img alt=&amp;quot;由 Google App Engine 提供支持&amp;quot; src=&amp;quot;/_res/image/gae.gif&amp;quot; style=&amp;quot;float: right;&amp;quot;/&amp;gt;&amp;#13;&amp;#10;&amp;lt;div style=&amp;quot;text-align: center;&amp;quot;&amp;gt;&amp;#13;&amp;#10;    &amp;lt;div style=&amp;quot;text-align: left;&amp;quot;&amp;gt;&amp;#13;&amp;#10;        © 2010 &amp;lt;span style=&amp;quot;color: red;&amp;quot;&amp;gt;Q&amp;lt;/span&amp;gt;&amp;lt;span style=&amp;quot;color: green;&amp;quot;&amp;gt;Blog&amp;amp;nbsp; &amp;lt;/span&amp;gt;&amp;lt;br /&amp;gt; Powered by &amp;lt;a target=&amp;quot;_blank&amp;quot; href=&amp;quot;http://www.huliqing.name/&amp;quot;&amp;gt; huliqing.name&amp;lt;/a&amp;gt;&amp;lt;br /&amp;gt;&amp;#13;&amp;#10;    &amp;lt;/div&amp;gt;&amp;#13;&amp;#10;    &amp;#13;&amp;#10;&amp;lt;/div&amp;gt;&amp;#13;&amp;#10;&amp;lt;div style=&amp;quot;clear: both;&amp;quot;&amp;gt;&amp;lt;/div&amp;gt;&amp;#13;&amp;#10;&amp;lt;script type=&amp;quot;text/javascript&amp;quot;&amp;gt;&amp;#13;&amp;#10;&amp;#13;&amp;#10;  var _gaq = _gaq || [];&amp;#13;&amp;#10;  _gaq.push(['_setAccount', 'UA-18834601-1']);&amp;#13;&amp;#10;  _gaq.push(['_trackPageview']);&amp;#13;&amp;#10;&amp;#13;&amp;#10;  (function() {&amp;#13;&amp;#10;    var ga = document.createElement('script'); ga.type = 'text/javascript'; ga.async = true;&amp;#13;&amp;#10;    ga.src = ('https:' == document.location.protocol ? 'https://ssl' : 'http://www') + '.google-analytics.com/ga.js';&amp;#13;&amp;#10;    var s = document.getElementsByTagName('script')[0]; s.parentNode.insertBefore(ga, s);&amp;#13;&amp;#10;  })();&amp;#13;&amp;#10;&amp;#13;&amp;#10;&amp;lt;/script&amp;gt;&quot;/&gt;&lt;/attributes&gt;" autoStyle="false" des="默认的网站页脚（Footer）, 编辑内容，放上你的版权声明等。" displayName="false" enabled="true" moduleId="47" name="页脚(Footer)" processor="name.huliqing.qblog.processor.impl.DefaultProcessor"/><data attributes="&lt;?xml version=&quot;1.0&quot; encoding=&quot;UTF-8&quot;?&gt;&lt;attributes&gt;&lt;attribute attrType=&quot;AttrInputText&quot; name=&quot;Size&quot; value=&quot;6&quot;/&gt;&lt;attribute attrType=&quot;AttrSelectBooleanCheckbox&quot; name=&quot;Show Index&quot; value=&quot;true&quot;/&gt;&lt;attribute attrType=&quot;AttrSelectBooleanCheckbox&quot; name=&quot;Show Date&quot; value=&quot;false&quot;/&gt;&lt;attribute attrType=&quot;AttrInputText&quot; name=&quot;Date Format&quot; value=&quot;yyyy-MM-dd HH:mm&quot;/&gt;&lt;attribute attrType=&quot;AttrInputText&quot; name=&quot;Time Zone&quot; value=&quot;GMT+8&quot;/&gt;&lt;/attributes&gt;" autoStyle="true" des="显示最近的评论内容（列表）" displayName="true" enabled="true" moduleId="55" name="最近评论" processor="name.huliqing.qblog.processor.impl.RecentReplyProcessor"/><data attributes="&lt;?xml version=&quot;1.0&quot; encoding=&quot;UTF-8&quot;?&gt;&lt;attributes&gt;&lt;attribute attrType=&quot;AttrSelectManyCheckbox&quot; name=&quot;TAG&quot; value=&quot;all,AppEngine,JSF,Java,QBlog,QFaces,随笔&quot;/&gt;&lt;attribute attrType=&quot;AttrSelectBooleanCheckbox&quot; name=&quot;Show Index&quot; value=&quot;true&quot;/&gt;&lt;attribute attrType=&quot;AttrSelectBooleanCheckbox&quot; name=&quot;Sum Article&quot; value=&quot;true&quot;/&gt;&lt;attribute attrType=&quot;AttrSelectOneRadio&quot; name=&quot;Target&quot; value=&quot;_self&quot;/&gt;&lt;attribute attrType=&quot;AttrInputText&quot; name=&quot;RSS Image&quot; value=&quot;/_res/image/rss.jpg&quot;/&gt;&lt;attribute attrType=&quot;AttrInputText&quot; name=&quot;Size&quot; value=&quot;20&quot;/&gt;&lt;attribute attrType=&quot;AttrInputText&quot; name=&quot;Title&quot; value=&quot;QBlog - RSS&quot;/&gt;&lt;attribute attrType=&quot;AttrInputText&quot; name=&quot;Link&quot; value=&quot;&quot;/&gt;&lt;attribute attrType=&quot;AttrInputText&quot; name=&quot;Description&quot; value=&quot;&quot;/&gt;&lt;attribute attrType=&quot;AttrInputText&quot; name=&quot;Copyright&quot; value=&quot;Copy right © 2010 QBlog&quot;/&gt;&lt;attribute attrType=&quot;AttrInputText&quot; name=&quot;Time Zone&quot; value=&quot;GMT+8&quot;/&gt;&lt;/attributes&gt;" autoStyle="true" des="RSS订阅，编辑内容指定想要被订阅的文章类型，以及版权声明" displayName="true" enabled="true" moduleId="77" name="RSS 订阅文章" processor="name.huliqing.qblog.processor.impl.RSSProcessor"/><data attributes="&lt;?xml version=&quot;1.0&quot; encoding=&quot;UTF-8&quot;?&gt;&lt;attributes&gt;&lt;attribute attrType=&quot;AttrHtmlEditor&quot; name=&quot;Content&quot; value=&quot;&amp;lt;div style=&amp;quot;margin-left: -13px;&amp;quot;&amp;gt;&amp;#13;&amp;#10;&amp;lt;script type=&amp;quot;text/javascript&amp;quot;&amp;gt;&amp;#13;&amp;#10;                                        &amp;lt;!--&amp;#13;&amp;#10;                                        google_ad_client = &amp;quot;pub-0155192758955646&amp;quot;;&amp;#13;&amp;#10;                                        /* 728x90, created 10/4/10 */&amp;#13;&amp;#10;                                        google_ad_slot = &amp;quot;9877024644&amp;quot;;&amp;#13;&amp;#10;                                        google_ad_width = 728;&amp;#13;&amp;#10;                                        google_ad_height = 90;&amp;#13;&amp;#10;                                        //--&amp;gt;&amp;#13;&amp;#10;                                        &amp;lt;/script&amp;gt;&amp;#13;&amp;#10;&amp;lt;script type=&amp;quot;text/javascript&amp;quot; src=&amp;quot;http://pagead2.googlesyndication.com/pagead/show_ads.js&amp;quot;&amp;gt;&amp;lt;/script&amp;gt;&amp;#13;&amp;#10;&amp;lt;/div&amp;gt;&amp;#13;&amp;#10;&amp;#13;&amp;#10;&amp;lt;p&amp;gt;&amp;lt;font size=&amp;quot;3&amp;quot;&amp;gt;&amp;amp;nbsp;&amp;lt;strong&amp;gt;1.什么是独立博客,独立博客有什么好处？&amp;lt;/strong&amp;gt;&amp;lt;/font&amp;gt;&amp;lt;/p&amp;gt;&amp;#13;&amp;#10;&amp;#13;&amp;#10;&amp;lt;p&amp;gt;我们知道网络上有很多提供博客空间的，如：新浪博客，QQ空间，百度空间等。 &amp;#13;&amp;#10;  &amp;lt;br /&amp;gt;只要注册一个ID就可以免费拥有了，但这些不是独立博客，这些博客不是私有的，不是真正属于自己的，不能绑定到自己的域名，发表文章可能受限制，如一些关键字被过滤，javascript贴不上去（如QQ空间），广告不能自己贴，图片不能外链等（如百度等）,模式太固定，而且你博客的生杀大权还完全掌握在管理员手中，有甚者还占据你的著作权。&amp;lt;/p&amp;gt;&amp;#13;&amp;#10;&amp;#13;&amp;#10;&amp;lt;p&amp;gt;而独立博客不同，有独立空间，可以绑定顶级域名，有独立的程序系统，想放什么内容就放什么内容，著作权完全属于自己，整个系统可以自由设置，自由度极高，生杀大权完全掌握在自己手中，真正的自己“当家作主”，并且独立域名也是个人身份的象征和标志,现在越来越多的人开始建立自己的独立博客，就像我的域名：&amp;lt;a href=&amp;quot;http://www.huliqing.name/&amp;quot; target=&amp;quot;_blank&amp;quot;&amp;gt;http://www.huliqing.name/&amp;lt;/a&amp;gt;&amp;lt;/p&amp;gt;&amp;#13;&amp;#10;&amp;#13;&amp;#10;&amp;lt;p&amp;gt;&amp;lt;strong&amp;gt;&amp;lt;font size=&amp;quot;3&amp;quot;&amp;gt;2.建立独立博客的难点及成本&amp;lt;/font&amp;gt;&amp;lt;/strong&amp;gt;&amp;lt;/p&amp;gt;&amp;#13;&amp;#10;&amp;#13;&amp;#10;&amp;lt;p&amp;gt;通常情况下我们建立网站的时候都需要具备几个必要的条件，1.具备一定的电脑基础知识；2.网站程序；3.虚拟服务器；4.域名。&amp;lt;/p&amp;gt;&amp;#13;&amp;#10;&amp;#13;&amp;#10;&amp;lt;p&amp;gt;首先具备一定电脑知识是必要的，否则可能连服务器都连接不上，更不要说部署网站及后期维护了，当然也可以找熟人帮忙。“网站程序”在网上有相当多的开源产品可以使用，这个解决起来比较简单，上网搜索一下可以找到相当多的免费产品。“域名”也不难购买，80-100RMB左右就可以购买到另人满意的域名,有些供应商还提供免费的子级域名供用户使用。比较麻烦的就是选择虚拟服务器供应商及部署网站,因为不同的服务器供应商提供的服务完全不一样，从空间大小、稳定性、价钱、服务支持等你都必须好好考虑一番，便宜的每年几百RMB，稳定性不敢说，好点的每年上千。再就是网站程序的部署，不同的程序部署及配置过程是完全不一样的，特别是数据库环节，可能让相当多的人头疼，所以具备一定的电脑知识也不可少，后期维护也相当重要。&amp;lt;/p&amp;gt;&amp;#13;&amp;#10;&amp;#13;&amp;#10;&amp;lt;p&amp;gt;那么现在来看看另一种选择，运行于 App Engine 服务器的系统。&amp;lt;/p&amp;gt;&amp;#13;&amp;#10;&amp;#13;&amp;#10;&amp;lt;p&amp;gt;&amp;lt;strong&amp;gt;&amp;lt;font size=&amp;quot;3&amp;quot;&amp;gt;3.另一种选择——QBlog独立博客系统&amp;lt;/font&amp;gt;&amp;lt;/strong&amp;gt;&amp;lt;/p&amp;gt;&amp;#13;&amp;#10;&amp;#13;&amp;#10;&amp;lt;p&amp;gt;QBlog 是一个成熟、完善、大气、开源的独立博客程序。&amp;lt;/p&amp;gt;&amp;#13;&amp;#10;&amp;#13;&amp;#10;&amp;lt;p&amp;gt;使用Java开发，运行于Google的AppEngine服务器，界面简洁大方、配置自由、上手容易。使用QBlog可以零费用快速建立自己的博客。当前版本（v0.96）除了具备博客基本功能，如：日志、相册、音乐、TAG、RSS订阅、事件日历等，还支持Windows Live Writer 离线编辑文章、多模板、多配置自由切换、可视化页面配置、一键快速备份及恢复、相册自由外链及加密、页面独立模板（每个页面可以单独设定模板）、文章回复通知(Email)等，整个系统自由度非常高。&amp;lt;/p&amp;gt;&amp;#13;&amp;#10;&amp;#13;&amp;#10;&amp;lt;p&amp;gt;QBlog的Demo: &amp;lt;a style=&amp;quot;color: blue;&amp;quot; href=&amp;quot;http://huliqing-test5.appspot.com/&amp;quot; target=&amp;quot;_blank&amp;quot;&amp;gt;http://huliqing-test5.appspot.com/&amp;lt;/a&amp;gt; 用户名: admin&amp;amp;nbsp; 密码: admin&amp;lt;/p&amp;gt;&amp;lt;p&amp;gt;个人独立博客: &amp;lt;a style=&amp;quot;color: blue;&amp;quot; href=&amp;quot;http://www.huliqing.name/&amp;quot; target=&amp;quot;_blank&amp;quot;&amp;gt;http://www.huliqing.name/&amp;lt;/a&amp;gt;&amp;lt;/p&amp;gt;&amp;lt;p&amp;gt;使用Google的App Engine服务器所提供的免费配额，我们可以轻松快速的搭建自己的网站,它目前支持python及java两种编程语言所编写的应用程序，所以如果你会这两门技术，你也可以在上面写程序。或者下载已经写好的程序来搭建自己的网站。它的部署过程是相当简单的，整个过程已经屏蔽掉了“服务器”及“数据库”配置，还提供了基本域名。简单来说，只要会申请google的帐号就可以轻松搭建网站了,详细的申请及部署过程请参考下面的链接：&amp;lt;/p&amp;gt;&amp;#13;&amp;#10;&amp;#13;&amp;#10;&amp;lt;p&amp;gt;&amp;lt;a href=&amp;quot;http://huliqing-blog.appspot.com/article/articleId=210001&amp;quot; target=&amp;quot;_blank&amp;quot;&amp;gt;&amp;lt;font size=&amp;quot;3&amp;quot; color=&amp;quot;#0000ff&amp;quot;&amp;gt;&amp;lt;strong&amp;gt;&amp;lt;u&amp;gt;如何使用谷歌(google)强大的免费主机AppEngine来搭建自己的独立博客&amp;lt;/u&amp;gt;&amp;lt;/strong&amp;gt;&amp;lt;/font&amp;gt;&amp;lt;/a&amp;gt;&amp;amp;nbsp;&amp;lt;/p&amp;gt;&amp;#13;&amp;#10;&amp;#13;&amp;#10;&amp;lt;p&amp;gt;&amp;amp;nbsp;&amp;lt;/p&amp;gt;&amp;#13;&amp;#10;&amp;#13;&amp;#10;&amp;lt;p&amp;gt;&amp;lt;img style=&amp;quot;display: block; float: none; margin-left: auto; margin-right: auto;&amp;quot; src=&amp;quot;http://huliqing-blog.appspot.com/photo/photoId=320002&amp;quot; height=&amp;quot;311&amp;quot; width=&amp;quot;589&amp;quot;/&amp;gt;&amp;lt;/p&amp;gt;&amp;#13;&amp;#10;&amp;#13;&amp;#10;&amp;lt;p align=&amp;quot;center&amp;quot;&amp;gt;QBlog Demo1&amp;lt;/p&amp;gt;&amp;#13;&amp;#10;&amp;#13;&amp;#10;&amp;lt;p&amp;gt;&amp;lt;img style=&amp;quot;display: block; float: none; margin-left: auto; margin-right: auto;&amp;quot; src=&amp;quot;http://huliqing-blog.appspot.com/photo/photoId=263002&amp;quot; height=&amp;quot;359&amp;quot; width=&amp;quot;591&amp;quot;/&amp;gt;&amp;lt;/p&amp;gt;&amp;#13;&amp;#10;&amp;#13;&amp;#10;&amp;lt;p align=&amp;quot;center&amp;quot;&amp;gt;QBlog Demo2&amp;lt;/p&amp;gt;&quot;/&gt;&lt;/attributes&gt;" autoStyle="false" des="关于QBlog独立博客系统的简单介绍，删除这个模块，当你准备正式运行你自己的Blog的时候。" displayName="false" enabled="true" moduleId="208" name="使用QBlog搭建独立博客" processor="name.huliqing.qblog.processor.impl.DefaultProcessor"/><data attributes="&lt;?xml version=&quot;1.0&quot; encoding=&quot;UTF-8&quot;?&gt;&lt;attributes&gt;&lt;attribute attrType=&quot;AttrHtmlEditor&quot; name=&quot;Content&quot; value=&quot;&amp;lt;div style=&amp;quot;margin-top: -6px; margin-left: -3px;&amp;quot;&amp;gt;&amp;#13;&amp;#10;&amp;lt;script type=&amp;quot;text/javascript&amp;quot;&amp;gt;&amp;lt;!--&amp;#13;&amp;#10;google_ad_client = &amp;quot;pub-0155192758955646&amp;quot;;&amp;#13;&amp;#10;/* 728x15, 创建于 10-8-1 */&amp;#13;&amp;#10;google_ad_slot = &amp;quot;2921691708&amp;quot;;&amp;#13;&amp;#10;google_ad_width = 700;&amp;#13;&amp;#10;google_ad_height = 15;&amp;#13;&amp;#10;//--&amp;gt;&amp;#13;&amp;#10;&amp;lt;/script&amp;gt;&amp;#13;&amp;#10;&amp;lt;script type=&amp;quot;text/javascript&amp;quot; src=&amp;quot;http://pagead2.googlesyndication.com/pagead/show_ads.js&amp;quot;&amp;gt;&amp;#13;&amp;#10;&amp;lt;/script&amp;gt;&amp;#13;&amp;#10;&amp;lt;/div&amp;gt;&quot;/&gt;&lt;/attributes&gt;" autoStyle="false" des="ad,word,700 * 15" displayName="false" enabled="true" moduleId="334" name="Ads-728*15" processor="name.huliqing.qblog.processor.impl.DefaultProcessor"/><data attributes="&lt;?xml version=&quot;1.0&quot; encoding=&quot;UTF-8&quot;?&gt;&lt;attributes&gt;&lt;attribute attrType=&quot;AttrInputText&quot; name=&quot;Columns&quot; value=&quot;1&quot;/&gt;&lt;attribute attrType=&quot;AttrSelectOneRadio&quot; name=&quot;Order&quot; value=&quot;createDate&quot;/&gt;&lt;attribute attrType=&quot;AttrSelectOneRadio&quot; name=&quot;Sort&quot; value=&quot;false&quot;/&gt;&lt;attribute attrType=&quot;AttrInputText&quot; name=&quot;Page Size&quot; value=&quot;4&quot;/&gt;&lt;attribute attrType=&quot;AttrInputText&quot; name=&quot;Display Page&quot; value=&quot;3&quot;/&gt;&lt;attribute attrType=&quot;AttrSelectBooleanCheckbox&quot; name=&quot;Display Jump&quot; value=&quot;false&quot;/&gt;&lt;attribute attrType=&quot;AttrSelectBooleanCheckbox&quot; name=&quot;Show Info&quot; value=&quot;false&quot;/&gt;&lt;attribute attrType=&quot;AttrSelectOneRadio&quot; name=&quot;Display&quot; value=&quot;bottom&quot;/&gt;&lt;attribute attrType=&quot;AttrSelectOneRadio&quot; name=&quot;Face&quot; value=&quot;1&quot;/&gt;&lt;attribute attrType=&quot;AttrSelectOneRadio&quot; name=&quot;Scroller&quot; value=&quot;true&quot;/&gt;&lt;attribute attrType=&quot;AttrSelectOneRadio&quot; name=&quot;Position&quot; value=&quot;center&quot;/&gt;&lt;attribute attrType=&quot;AttrSelectBooleanCheckbox&quot; name=&quot;Show Private&quot; value=&quot;true&quot;/&gt;&lt;/attributes&gt;" autoStyle="true" des="相册集,编辑内容。使它能达到你想要的显示效果" displayName="true" enabled="true" moduleId="361" name="相册集" processor="name.huliqing.qblog.processor.impl.AlbumProcessor"/><data attributes="&lt;?xml version=&quot;1.0&quot; encoding=&quot;UTF-8&quot;?&gt;&lt;attributes&gt;&lt;attribute attrType=&quot;AttrInputText&quot; name=&quot;Default Album&quot; value=&quot;&quot;/&gt;&lt;attribute attrType=&quot;AttrSelectBooleanCheckbox&quot; name=&quot;Always&quot; value=&quot;false&quot;/&gt;&lt;attribute attrType=&quot;AttrInputText&quot; name=&quot;Columns&quot; value=&quot;4&quot;/&gt;&lt;attribute attrType=&quot;AttrSelectOneRadio&quot; name=&quot;Order&quot; value=&quot;createDate&quot;/&gt;&lt;attribute attrType=&quot;AttrSelectOneRadio&quot; name=&quot;Sort&quot; value=&quot;true&quot;/&gt;&lt;attribute attrType=&quot;AttrInputText&quot; name=&quot;Page Size&quot; value=&quot;16&quot;/&gt;&lt;attribute attrType=&quot;AttrInputText&quot; name=&quot;Display Page&quot; value=&quot;9&quot;/&gt;&lt;attribute attrType=&quot;AttrSelectBooleanCheckbox&quot; name=&quot;Display Jump&quot; value=&quot;false&quot;/&gt;&lt;attribute attrType=&quot;AttrSelectBooleanCheckbox&quot; name=&quot;Show Info&quot; value=&quot;true&quot;/&gt;&lt;attribute attrType=&quot;AttrSelectOneRadio&quot; name=&quot;Display&quot; value=&quot;bottom&quot;/&gt;&lt;attribute attrType=&quot;AttrSelectOneRadio&quot; name=&quot;Face&quot; value=&quot;1&quot;/&gt;&lt;attribute attrType=&quot;AttrSelectOneRadio&quot; name=&quot;Scroller&quot; value=&quot;true&quot;/&gt;&lt;attribute attrType=&quot;AttrSelectOneRadio&quot; name=&quot;Position&quot; value=&quot;center&quot;/&gt;&lt;attribute attrType=&quot;AttrSelectBooleanCheckbox&quot; name=&quot;Show Name&quot; value=&quot;true&quot;/&gt;&lt;attribute attrType=&quot;AttrSelectBooleanCheckbox&quot; name=&quot;Show Size&quot; value=&quot;true&quot;/&gt;&lt;attribute attrType=&quot;AttrSelectBooleanCheckbox&quot; name=&quot;Show Edit&quot; value=&quot;false&quot;/&gt;&lt;attribute attrType=&quot;AttrSelectBooleanCheckbox&quot; name=&quot;Show Line&quot; value=&quot;false&quot;/&gt;&lt;attribute attrType=&quot;AttrInputText&quot; name=&quot;Spacing&quot; value=&quot;5&quot;/&gt;&lt;attribute attrType=&quot;AttrInputText&quot; name=&quot;Table Width&quot; value=&quot;100%&quot;/&gt;&lt;attribute attrType=&quot;AttrInputText&quot; name=&quot;Pic Max Width&quot; value=&quot;100&quot;/&gt;&lt;attribute attrType=&quot;AttrInputText&quot; name=&quot;FC Required&quot; value=&quot;您正试图访问受保护的相册，这需要提供“获取码”才能访问.&quot;/&gt;&lt;attribute attrType=&quot;AttrInputText&quot; name=&quot;FC Error&quot; value=&quot;您输入的“获取码”错误,您可以尝试向博主索取获取码&quot;/&gt;&lt;attribute attrType=&quot;AttrInputText&quot; name=&quot;FC Color&quot; value=&quot;red&quot;/&gt;&lt;attribute attrType=&quot;AttrInputText&quot; name=&quot;FC Position&quot; value=&quot;500,200&quot;/&gt;&lt;/attributes&gt;" autoStyle="true" des="图片集,编辑内容。使它能达到你想要的显示效果" displayName="false" enabled="true" moduleId="362" name="图片集" processor="name.huliqing.qblog.processor.impl.PhotoProcessor"/><data attributes="&lt;?xml version=&quot;1.0&quot; encoding=&quot;UTF-8&quot;?&gt;&lt;attributes&gt;&lt;attribute attrType=&quot;AttrInputTextarea&quot; name=&quot;List&quot; value=&quot;49183619&quot;/&gt;&lt;attribute attrType=&quot;AttrSelectBooleanCheckbox&quot; name=&quot;Auto Start&quot; value=&quot;true&quot;/&gt;&lt;attribute attrType=&quot;AttrInputText&quot; name=&quot;Play Index&quot; value=&quot;&quot;/&gt;&lt;attribute attrType=&quot;AttrInputText&quot; name=&quot;Width&quot; value=&quot;480&quot;/&gt;&lt;attribute attrType=&quot;AttrInputText&quot; name=&quot;Height&quot; value=&quot;400&quot;/&gt;&lt;/attributes&gt;" autoStyle="true" des="58951991 - The Rain&#13;&#10;49183619 - 我想有个家" displayName="false" enabled="true" moduleId="399" name="土豆播放器" processor="name.huliqing.qblog.processor.impl.TuDouFlashPlayerProcessor"/><data attributes="&lt;?xml version=&quot;1.0&quot; encoding=&quot;UTF-8&quot;?&gt;&lt;attributes&gt;&lt;attribute attrType=&quot;AttrHtmlEditor&quot; name=&quot;Content&quot; value=&quot;&amp;lt;ul&amp;gt;&amp;lt;li&amp;gt;&amp;lt;a href=&amp;quot;?iid=49183619&amp;quot;&amp;gt;我想有个家&amp;lt;/a&amp;gt;&amp;lt;/li&amp;gt;&amp;lt;/ul&amp;gt;&amp;lt;ul&amp;gt;&amp;lt;li&amp;gt;&amp;lt;pre id=&amp;quot;line1&amp;quot;&amp;gt;&amp;lt;a href=&amp;quot;?iid=28716511&amp;quot;&amp;gt;林黛玉没有眼泪 - 田跃君&amp;lt;span style=&amp;quot;font-family: sans-serif;&amp;quot;&amp;gt;&amp;lt;/span&amp;gt;&amp;lt;/a&amp;gt;&amp;lt;/pre&amp;gt;&amp;lt;/li&amp;gt;&amp;lt;/ul&amp;gt;&amp;lt;ul&amp;gt;&amp;lt;li&amp;gt;&amp;lt;a href=&amp;quot;?iid=60250954&amp;quot;&amp;gt;無人熟識 - 張清芳&amp;lt;/a&amp;gt;&amp;lt;/li&amp;gt;&amp;lt;/ul&amp;gt;&amp;lt;ul&amp;gt;&amp;lt;li&amp;gt;&amp;lt;a href=&amp;quot;?iid=60250548&amp;quot;&amp;gt; 雨水我问你&amp;lt;/a&amp;gt;&amp;lt;/li&amp;gt;&amp;lt;/ul&amp;gt;&amp;#13;&amp;#10;&amp;lt;ul&amp;gt;&amp;lt;li&amp;gt;&amp;lt;a href=&amp;quot;?iid=29006082&amp;quot;&amp;gt;一度君恋&amp;lt;/a&amp;gt;&amp;lt;/li&amp;gt;&amp;lt;/ul&amp;gt;&amp;lt;ul&amp;gt;&amp;lt;li&amp;gt;&amp;lt;a href=&amp;quot;?iid=58951991&amp;quot;&amp;gt;The Rain&amp;lt;/a&amp;gt;&amp;lt;/li&amp;gt;&amp;lt;/ul&amp;gt;&amp;lt;ul&amp;gt;&amp;lt;li&amp;gt;&amp;lt;a href=&amp;quot;?iid=28717379&amp;quot;&amp;gt;天涯-爱乐团&amp;lt;/a&amp;gt;&amp;lt;/li&amp;gt;&amp;lt;/ul&amp;gt;&amp;#13;&amp;#10;&amp;lt;ul&amp;gt;&amp;lt;li&amp;gt;&amp;lt;a href=&amp;quot;?iid=55900471&amp;quot;&amp;gt;死神OP&amp;lt;/a&amp;gt;&amp;lt;/li&amp;gt;&amp;lt;/ul&amp;gt;&quot;/&gt;&lt;/attributes&gt;" autoStyle="true" des="示例用的音乐列表，查看或编辑内容，看看它是如何与“土豆播放器”模块结合的。或者删除它，发果你不喜欢。" displayName="false" enabled="true" moduleId="27" name="示例音乐列表" processor="name.huliqing.qblog.processor.impl.DefaultProcessor"/><data attributes="&lt;?xml version=&quot;1.0&quot; encoding=&quot;UTF-8&quot;?&gt;&lt;attributes&gt;&lt;attribute attrType=&quot;AttrInputTextarea&quot; name=&quot;List&quot; value=&quot;lid=10120106&quot;/&gt;&lt;attribute attrType=&quot;AttrSelectBooleanCheckbox&quot; name=&quot;Auto Start&quot; value=&quot;false&quot;/&gt;&lt;attribute attrType=&quot;AttrInputText&quot; name=&quot;Play Index&quot; value=&quot;1&quot;/&gt;&lt;attribute attrType=&quot;AttrInputText&quot; name=&quot;Width&quot; value=&quot;100%&quot;/&gt;&lt;attribute attrType=&quot;AttrInputText&quot; name=&quot;Height&quot; value=&quot;27&quot;/&gt;&lt;/attributes&gt;" autoStyle="true" des="音频-好听的音乐" displayName="false" enabled="true" moduleId="48002" name="音频-好听的音乐" processor="name.huliqing.qblog.processor.impl.TuDouFlashPlayerProcessor"/><data attributes="&lt;?xml version=&quot;1.0&quot; encoding=&quot;UTF-8&quot;?&gt;&lt;attributes&gt;&lt;attribute attrType=&quot;AttrHtmlEditor&quot; name=&quot;Content&quot; value=&quot;&amp;lt;script type=&amp;quot;text/javascript&amp;quot;&amp;gt;&amp;lt;!--&amp;#13;&amp;#10;google_ad_client = &amp;quot;pub-0155192758955646&amp;quot;;&amp;#13;&amp;#10;/* 200x200, created 10/3/10 */&amp;#13;&amp;#10;google_ad_slot = &amp;quot;8258176493&amp;quot;;&amp;#13;&amp;#10;google_ad_width = 200;&amp;#13;&amp;#10;google_ad_height = 200;&amp;#13;&amp;#10;//--&amp;gt;&amp;#13;&amp;#10;&amp;lt;/script&amp;gt;&amp;#13;&amp;#10;&amp;lt;script type=&amp;quot;text/javascript&amp;quot; src=&amp;quot;http://pagead2.googlesyndication.com/pagead/show_ads.js&amp;quot;&amp;gt;&amp;#13;&amp;#10;&amp;lt;/script&amp;gt;&quot;/&gt;&lt;/attributes&gt;" autoStyle="false" des="ad, image, 200 * 200" displayName="false" enabled="true" moduleId="179003" name="Ads-200*200" processor="name.huliqing.qblog.processor.impl.DefaultProcessor"/><data attributes="&lt;?xml version=&quot;1.0&quot; encoding=&quot;UTF-8&quot;?&gt;&lt;attributes&gt;&lt;attribute attrType=&quot;AttrInputText&quot; name=&quot;Modules&quot; value=&quot;399,27&quot;/&gt;&lt;attribute attrType=&quot;AttrInputText&quot; name=&quot;Columns&quot; value=&quot;2&quot;/&gt;&lt;attribute attrType=&quot;AttrInputText&quot; name=&quot;Border&quot; value=&quot;0&quot;/&gt;&lt;attribute attrType=&quot;AttrInputText&quot; name=&quot;Width&quot; value=&quot;100%&quot;/&gt;&lt;attribute attrType=&quot;AttrSelectOneRadio&quot; name=&quot;Valign&quot; value=&quot;top&quot;/&gt;&lt;attribute attrType=&quot;AttrInputText&quot; name=&quot;Style Full&quot; value=&quot;&quot;/&gt;&lt;attribute attrType=&quot;AttrInputTextarea&quot; name=&quot;Style Columns&quot; value=&quot;&quot;/&gt;&lt;/attributes&gt;" autoStyle="false" des="播放列表与土豆播放器" displayName="false" enabled="true" moduleId="155006" name="一些喜欢的音乐" processor="name.huliqing.qblog.processor.impl.ModulePanelProcessor"/><data attributes="&lt;?xml version=&quot;1.0&quot; encoding=&quot;UTF-8&quot;?&gt;&lt;attributes&gt;&lt;attribute attrType=&quot;AttrHtmlEditor&quot; name=&quot;Content&quot; value=&quot;&amp;lt;form action=&amp;quot;http://www.google.com.hk/cse&amp;quot; id=&amp;quot;cse-search-box&amp;quot; target=&amp;quot;_blank&amp;quot;&amp;gt;&amp;#13;&amp;#10;  &amp;lt;div&amp;gt;&amp;#13;&amp;#10;    &amp;lt;input name=&amp;quot;cx&amp;quot; value=&amp;quot;partner-pub-0155192758955646:2f1mn7-y6i3&amp;quot; type=&amp;quot;hidden&amp;quot;&amp;gt;&amp;#13;&amp;#10;    &amp;lt;input name=&amp;quot;ie&amp;quot; value=&amp;quot;UTF-8&amp;quot; type=&amp;quot;hidden&amp;quot;&amp;gt;&amp;#13;&amp;#10;    &amp;lt;input name=&amp;quot;q&amp;quot; size=&amp;quot;18&amp;quot; type=&amp;quot;text&amp;quot;&amp;gt;&amp;#13;&amp;#10;    &amp;lt;input name=&amp;quot;sa&amp;quot; value=&amp;quot;搜索&amp;quot; type=&amp;quot;submit&amp;quot;&amp;gt;&amp;#13;&amp;#10;  &amp;lt;/div&amp;gt;&amp;#13;&amp;#10;&amp;lt;/form&amp;gt;&amp;#13;&amp;#10;&amp;lt;script type=&amp;quot;text/javascript&amp;quot; src=&amp;quot;http://www.google.cn/cse/brand?form=cse-search-box&amp;amp;amp;lang=zh-Hans&amp;quot;&amp;gt;&amp;lt;/script&amp;gt;&quot;/&gt;&lt;/attributes&gt;" autoStyle="false" des="QBlog的搜索器" displayName="false" enabled="true" moduleId="108" name="QBlog搜索" processor="name.huliqing.qblog.processor.impl.DefaultProcessor"/></ModuleEn><PageModuleEn class="name.huliqing.qblog.entity.PageModuleEn"><data moduleGroup="TOP" moduleId="40" pageId="4" pageModuleId="221" sort="1"/><data moduleGroup="NAVIGATION" moduleId="2" pageId="4" pageModuleId="222" sort="1"/><data moduleGroup="MENU" moduleId="108" pageId="4" pageModuleId="223" sort="1"/><data moduleGroup="MENU" moduleId="1" pageId="4" pageModuleId="224" sort="2"/><data moduleGroup="MENU" moduleId="179003" pageId="4" pageModuleId="225" sort="3"/><data moduleGroup="MENU" moduleId="34" pageId="4" pageModuleId="226" sort="4"/><data moduleGroup="CONTENT" moduleId="208" pageId="4" pageModuleId="227" sort="1"/><data moduleGroup="FOOTER" moduleId="47" pageId="4" pageModuleId="228" sort="1"/><data moduleGroup="TOP" moduleId="40" pageId="113" pageModuleId="238" sort="1"/><data moduleGroup="NAVIGATION" moduleId="2" pageId="113" pageModuleId="239" sort="1"/><data moduleGroup="MENU" moduleId="108" pageId="113" pageModuleId="240" sort="1"/><data moduleGroup="MENU" moduleId="1" pageId="113" pageModuleId="241" sort="2"/><data moduleGroup="MENU" moduleId="179003" pageId="113" pageModuleId="242" sort="3"/><data moduleGroup="CONTENT" moduleId="334" pageId="113" pageModuleId="243" sort="1"/><data moduleGroup="CONTENT" moduleId="155006" pageId="113" pageModuleId="244" sort="2"/><data moduleGroup="CONTENT" moduleId="34" pageId="113" pageModuleId="245" sort="3"/><data moduleGroup="FOOTER" moduleId="47" pageId="113" pageModuleId="246" sort="1"/><data moduleGroup="TOP" moduleId="40" pageId="3" pageModuleId="258" sort="1"/><data moduleGroup="NAVIGATION" moduleId="2" pageId="3" pageModuleId="259" sort="1"/><data moduleGroup="MENU" moduleId="108" pageId="3" pageModuleId="260" sort="1"/><data moduleGroup="MENU" moduleId="1" pageId="3" pageModuleId="261" sort="2"/><data moduleGroup="MENU" moduleId="179003" pageId="3" pageModuleId="262" sort="3"/><data moduleGroup="MENU" moduleId="29" pageId="3" pageModuleId="263" sort="4"/><data moduleGroup="MENU" moduleId="77" pageId="3" pageModuleId="264" sort="5"/><data moduleGroup="MENU" moduleId="55" pageId="3" pageModuleId="265" sort="6"/><data moduleGroup="CONTENT" moduleId="334" pageId="3" pageModuleId="266" sort="1"/><data moduleGroup="CONTENT" moduleId="7" pageId="3" pageModuleId="267" sort="2"/><data moduleGroup="FOOTER" moduleId="47" pageId="3" pageModuleId="268" sort="1"/><data moduleGroup="TOP" moduleId="40" pageId="343" pageModuleId="269" sort="1"/><data moduleGroup="NAVIGATION" moduleId="2" pageId="343" pageModuleId="270" sort="1"/><data moduleGroup="MENU" moduleId="108" pageId="343" pageModuleId="271" sort="1"/><data moduleGroup="MENU" moduleId="1" pageId="343" pageModuleId="272" sort="2"/><data moduleGroup="MENU" moduleId="179003" pageId="343" pageModuleId="273" sort="3"/><data moduleGroup="MENU" moduleId="361" pageId="343" pageModuleId="274" sort="4"/><data moduleGroup="CONTENT" moduleId="334" pageId="343" pageModuleId="275" sort="1"/><data moduleGroup="CONTENT" moduleId="362" pageId="343" pageModuleId="276" sort="2"/><data moduleGroup="CONTENT" moduleId="34" pageId="343" pageModuleId="277" sort="3"/><data moduleGroup="FOOTER" moduleId="47" pageId="343" pageModuleId="278" sort="1"/><data moduleGroup="MENU" moduleId="29" pageId="158001" pageModuleId="169007" sort="2"/><data moduleGroup="MENU" moduleId="34" pageId="158001" pageModuleId="170006" sort="3"/><data moduleGroup="NAVIGATION" moduleId="2" pageId="158001" pageModuleId="173010" sort="1"/><data moduleGroup="MENU" moduleId="29" pageId="145001" pageModuleId="176003" sort="2"/><data moduleGroup="TOP" moduleId="40" pageId="145001" pageModuleId="181002" sort="1"/><data moduleGroup="NAVIGATION" moduleId="2" pageId="145001" pageModuleId="186002" sort="1"/><data moduleGroup="CONTENT" moduleId="150002" pageId="158001" pageModuleId="186005" sort="1"/><data moduleGroup="MENU" moduleId="1" pageId="145001" pageModuleId="187002" sort="1"/><data moduleGroup="MENU" moduleId="34" pageId="145001" pageModuleId="188001" sort="3"/><data moduleGroup="CONTENT" moduleId="146001" pageId="145001" pageModuleId="189001" sort="1"/><data moduleGroup="CONTENT" moduleId="334" pageId="145001" pageModuleId="190001" sort="2"/><data moduleGroup="FOOTER" moduleId="47" pageId="145001" pageModuleId="191001" sort="1"/><data moduleGroup="MENU" moduleId="1" pageId="158001" pageModuleId="202002" sort="1"/><data moduleGroup="FOOTER" moduleId="47" pageId="158001" pageModuleId="203006" sort="1"/><data moduleGroup="TOP" moduleId="40" pageId="158001" pageModuleId="204006" sort="1"/><data moduleGroup="CONTENT" moduleId="334" pageId="158001" pageModuleId="227004" sort="2"/></PageModuleEn></backup>