<?xml version="1.0" encoding="UTF-8"?><backup date="2010-10-09 07:45" version="QBlog1.0"><ConfigEn class="name.huliqing.qblog.entity.ConfigEn"><data name="CON_EMAIL_ADDR_SERVER" value=""/><data name="CON_SYSTEM_LAYOUT" value="default"/><data name="CON_SYSTEM_DATE_FORMAT" value="yyyy-MM-dd HH:mm:ss"/><data name="CON_SYSTEM_TIME_ZONE" value="GMT+8"/><data name="CON_SYSTEM_ICO_ADDRESS" value="/qblog.ico"/><data name="CON_ARTICLE_RSS_ENABLE" value="true"/><data name="CON_ARTICLE_CACHE_LIMIT" value="80"/><data name="CON_ARTICLE_SUMMARY_LIMIT" value="300"/><data name="CON_REPLY_ENABLE" value="true"/><data name="CON_REPLY_NOTICE" value="true"/><data name="CON_REPLY_EDIT_LIMIT" value="3600"/><data name="CON_REPLY_PAGE_SIZE" value="20"/><data name="CON_REPLY_SORT_ASC" value="true"/><data name="CON_REPLY_CACHE_LAST_REPLY" value="10"/><data name="CON_REPLY_HTML_ESCAPE" value="true"/><data name="CON_PHOTO_CACHE_DAYS" value="360"/><data name="CON_PHOTO_CACHE_FOLDER" value="50"/><data name="CON_METAWEBLOG_BLOG_NAME" value=""/><data name="CON_METAWEBLOG_SITE" value=""/><data name="CON_METAWEBLOG_ALBUM" value=""/></ConfigEn><PageEn class="name.huliqing.qblog.entity.PageEn"><data enabled="true" layout="dark" name="我的文章" pageId="3" sort="1"/><data enabled="true" layout="dark" name="我的相册" pageId="343" sort="2"/><data enabled="true" layout="dark" name="Music" pageId="113" sort="3"/><data enabled="true" layout="dark" name="QBlog下载" pageId="4" sort="4"/><data enabled="true" layout="dark" name="QBlog开放源码" pageId="145001" sort="5"/><data enabled="true" layout="dark" name="QFaces开放源码" pageId="158001" sort="6"/></PageEn><ModuleEn class="name.huliqing.qblog.entity.ModuleEn"><data attributes="&lt;?xml version=&quot;1.0&quot; encoding=&quot;UTF-8&quot;?&gt;&lt;attributes&gt;&lt;attribute attrType=&quot;AttrHtmlEditor&quot; name=&quot;Content&quot; value=&quot;&amp;lt;img src=&amp;quot;../../../../photo/photoId=169001&amp;quot; alt=&amp;quot;LGPLv3&amp;quot;/&amp;gt;&amp;lt;br /&amp;gt;部署快速、配置方便、使用简单&amp;lt;br /&amp;gt;使用QBlog来快速建立自己的个人独立博客.&amp;lt;font style=&amp;quot;font-family: Impact;&amp;quot; size=&amp;quot;4&amp;quot;&amp;gt;&amp;lt;a style=&amp;quot;color: blue;&amp;quot; href=&amp;quot;../../../../page/pageId=4&amp;quot;&amp;gt;下载QBlog&amp;lt;/a&amp;gt;&amp;lt;/font&amp;gt;&amp;lt;br /&amp;gt;&quot;/&gt;&lt;/attributes&gt;" autoStyle="true" des="" displayName="true" enabled="true" moduleId="1" name="公告" processor="name.huliqing.qblog.processor.impl.DefaultProcessor"/><data attributes="" autoStyle="false" des="" displayName="false" enabled="true" moduleId="2" name="导航栏" processor="name.huliqing.qblog.processor.impl.NavigationProcessor"/><data attributes="&lt;?xml version=&quot;1.0&quot; encoding=&quot;UTF-8&quot;?&gt;&lt;attributes&gt;&lt;attribute attrType=&quot;AttrInputText&quot; name=&quot;PageSize&quot; value=&quot;15&quot;/&gt;&lt;attribute attrType=&quot;AttrInputText&quot; name=&quot;DisplayPage&quot; value=&quot;9&quot;/&gt;&lt;attribute attrType=&quot;AttrSelectBooleanCheckbox&quot; name=&quot;DisplayJump&quot; value=&quot;false&quot;/&gt;&lt;attribute attrType=&quot;AttrSelectBooleanCheckbox&quot; name=&quot;Show Summary&quot; value=&quot;true&quot;/&gt;&lt;attribute attrType=&quot;AttrSelectBooleanCheckbox&quot; name=&quot;Show Footer&quot; value=&quot;true&quot;/&gt;&lt;attribute attrType=&quot;AttrSelectOneRadio&quot; name=&quot;Target&quot; value=&quot;_self&quot;/&gt;&lt;attribute attrType=&quot;AttrSelectOneRadio&quot; name=&quot;Display&quot; value=&quot;bottom&quot;/&gt;&lt;attribute attrType=&quot;AttrSelectOneRadio&quot; name=&quot;Face&quot; value=&quot;1&quot;/&gt;&lt;attribute attrType=&quot;AttrInputText&quot; name=&quot;TimeZone&quot; value=&quot;GMT+8&quot;/&gt;&lt;attribute attrType=&quot;AttrInputText&quot; name=&quot;Pattern&quot; value=&quot;yyyy-MM-dd HH:mm&quot;/&gt;&lt;/attributes&gt;" autoStyle="true" des="" displayName="false" enabled="true" moduleId="7" name="我的文章" processor="name.huliqing.qblog.processor.impl.ArticlesProcessor"/><data attributes="&lt;?xml version=&quot;1.0&quot; encoding=&quot;UTF-8&quot;?&gt;&lt;attributes&gt;&lt;attribute attrType=&quot;AttrSelectBooleanCheckbox&quot; name=&quot;Pop Panel&quot; value=&quot;false&quot;/&gt;&lt;attribute attrType=&quot;AttrSelectBooleanCheckbox&quot; name=&quot;Today&quot; value=&quot;true&quot;/&gt;&lt;/attributes&gt;" autoStyle="false" des="" displayName="false" enabled="true" moduleId="29" name="我的日历" processor="name.huliqing.qblog.processor.impl.CalendarProcessor"/><data attributes="&lt;?xml version=&quot;1.0&quot; encoding=&quot;UTF-8&quot;?&gt;&lt;attributes&gt;&lt;attribute attrType=&quot;AttrInputText&quot; name=&quot;Size&quot; value=&quot;6&quot;/&gt;&lt;attribute attrType=&quot;AttrInputText&quot; name=&quot;Show Index&quot; value=&quot;true&quot;/&gt;&lt;attribute attrType=&quot;AttrInputText&quot; name=&quot;Show Date&quot; value=&quot;false&quot;/&gt;&lt;attribute attrType=&quot;AttrInputText&quot; name=&quot;Date Format&quot; value=&quot;yyyy-MM-dd HH:mm&quot;/&gt;&lt;attribute attrType=&quot;AttrInputText&quot; name=&quot;Time Zone&quot; value=&quot;GMT+8&quot;/&gt;&lt;/attributes&gt;" autoStyle="true" des="" displayName="true" enabled="true" moduleId="34" name="最近发表的文章" processor="name.huliqing.qblog.processor.impl.RecentPostArticleProcessor"/><data attributes="&lt;?xml version=&quot;1.0&quot; encoding=&quot;UTF-8&quot;?&gt;&lt;attributes&gt;&lt;attribute attrType=&quot;AttrHtmlEditor&quot; name=&quot;Content&quot; value=&quot;&amp;lt;img src=&amp;quot;/_res/image/qblog.png&amp;quot; alt=&amp;quot;&amp;quot; style=&amp;quot;float: left;&amp;quot;/&amp;gt;&amp;lt;div style=&amp;quot;text-align: right; color: gray;&amp;quot;&amp;gt;&amp;lt;br /&amp;gt;&amp;lt;font style=&amp;quot;font-family: 楷体;&amp;quot; size=&amp;quot;5&amp;quot;&amp;gt;沉淀&amp;lt;/font&amp;gt;...&amp;lt;br /&amp;gt;&amp;lt;/div&amp;gt;&amp;#13;&amp;#10;&amp;lt;div style=&amp;quot;clear: both;&amp;quot;&amp;gt;&amp;lt;/div&amp;gt;&quot;/&gt;&lt;/attributes&gt;" autoStyle="false" des="" displayName="false" enabled="true" moduleId="40" name="页首(Logo)" processor="name.huliqing.qblog.processor.impl.DefaultProcessor"/><data attributes="&lt;?xml version=&quot;1.0&quot; encoding=&quot;UTF-8&quot;?&gt;&lt;attributes&gt;&lt;attribute attrType=&quot;AttrHtmlEditor&quot; name=&quot;Content&quot; value=&quot;&amp;lt;img alt=&amp;quot;由 Google App Engine 提供支持&amp;quot; src=&amp;quot;/_res/image/gae.gif&amp;quot; style=&amp;quot;float: right;&amp;quot;/&amp;gt;&amp;#13;&amp;#10;&amp;lt;div style=&amp;quot;text-align: center;&amp;quot;&amp;gt;&amp;#13;&amp;#10;    &amp;lt;div style=&amp;quot;text-align: left;&amp;quot;&amp;gt;&amp;#13;&amp;#10;        © 2010 &amp;lt;span style=&amp;quot;color: red;&amp;quot;&amp;gt;Q&amp;lt;/span&amp;gt;&amp;lt;span style=&amp;quot;color: green;&amp;quot;&amp;gt;Blog&amp;amp;nbsp; &amp;lt;/span&amp;gt;&amp;lt;br /&amp;gt; Powered by &amp;lt;a target=&amp;quot;_blank&amp;quot; href=&amp;quot;http://www.huliqing.name/&amp;quot;&amp;gt; huliqing.name&amp;lt;/a&amp;gt;&amp;lt;br /&amp;gt;&amp;lt;br /&amp;gt;&amp;#13;&amp;#10;    &amp;lt;/div&amp;gt;&amp;#13;&amp;#10;    &amp;#13;&amp;#10;&amp;lt;/div&amp;gt;&amp;#13;&amp;#10;&amp;lt;div style=&amp;quot;clear: both;&amp;quot;&amp;gt;&amp;lt;/div&amp;gt;&amp;#13;&amp;#10;&amp;lt;script type=&amp;quot;text/javascript&amp;quot;&amp;gt;&amp;#13;&amp;#10;&amp;#13;&amp;#10;  var _gaq = _gaq || [];&amp;#13;&amp;#10;  _gaq.push(['_setAccount', 'UA-18834601-1']);&amp;#13;&amp;#10;  _gaq.push(['_trackPageview']);&amp;#13;&amp;#10;&amp;#13;&amp;#10;  (function() {&amp;#13;&amp;#10;    var ga = document.createElement('script'); ga.type = 'text/javascript'; ga.async = true;&amp;#13;&amp;#10;    ga.src = ('https:' == document.location.protocol ? 'https://ssl' : 'http://www') + '.google-analytics.com/ga.js';&amp;#13;&amp;#10;    var s = document.getElementsByTagName('script')[0]; s.parentNode.insertBefore(ga, s);&amp;#13;&amp;#10;  })();&amp;#13;&amp;#10;&amp;#13;&amp;#10;&amp;lt;/script&amp;gt;&quot;/&gt;&lt;/attributes&gt;" autoStyle="false" des="" displayName="false" enabled="true" moduleId="47" name="页脚(Footer)" processor="name.huliqing.qblog.processor.impl.DefaultProcessor"/><data attributes="&lt;?xml version=&quot;1.0&quot; encoding=&quot;UTF-8&quot;?&gt;&lt;attributes&gt;&lt;attribute attrType=&quot;AttrInputText&quot; name=&quot;Size&quot; value=&quot;6&quot;/&gt;&lt;attribute attrType=&quot;AttrInputText&quot; name=&quot;Show Index&quot; value=&quot;true&quot;/&gt;&lt;attribute attrType=&quot;AttrInputText&quot; name=&quot;Show Date&quot; value=&quot;false&quot;/&gt;&lt;attribute attrType=&quot;AttrInputText&quot; name=&quot;Date Format&quot; value=&quot;yyyy-MM-dd HH:mm&quot;/&gt;&lt;attribute attrType=&quot;AttrInputText&quot; name=&quot;Time Zone&quot; value=&quot;GMT+8&quot;/&gt;&lt;/attributes&gt;" autoStyle="true" des="" displayName="true" enabled="true" moduleId="55" name="最近回复" processor="name.huliqing.qblog.processor.impl.RecentReplyProcessor"/><data attributes="&lt;?xml version=&quot;1.0&quot; encoding=&quot;UTF-8&quot;?&gt;&lt;attributes&gt;&lt;attribute attrType=&quot;AttrSelectManyCheckbox&quot; name=&quot;TAG&quot; value=&quot;all,AppEngine,JSF,Java,QBlog,QFaces,随笔&quot;/&gt;&lt;attribute attrType=&quot;AttrSelectBooleanCheckbox&quot; name=&quot;Show Index&quot; value=&quot;true&quot;/&gt;&lt;attribute attrType=&quot;AttrSelectBooleanCheckbox&quot; name=&quot;Sum Article&quot; value=&quot;true&quot;/&gt;&lt;attribute attrType=&quot;AttrSelectOneRadio&quot; name=&quot;Target&quot; value=&quot;_self&quot;/&gt;&lt;attribute attrType=&quot;AttrInputText&quot; name=&quot;RSS Image&quot; value=&quot;/_res/image/rss.jpg&quot;/&gt;&lt;attribute attrType=&quot;AttrInputText&quot; name=&quot;Size&quot; value=&quot;20&quot;/&gt;&lt;attribute attrType=&quot;AttrInputText&quot; name=&quot;Title&quot; value=&quot;QBlog - RSS&quot;/&gt;&lt;attribute attrType=&quot;AttrInputText&quot; name=&quot;Link&quot; value=&quot;&quot;/&gt;&lt;attribute attrType=&quot;AttrInputText&quot; name=&quot;Description&quot; value=&quot;&quot;/&gt;&lt;attribute attrType=&quot;AttrInputText&quot; name=&quot;Copyright&quot; value=&quot;Copy right © 2010 QBlog&quot;/&gt;&lt;attribute attrType=&quot;AttrInputText&quot; name=&quot;Time Zone&quot; value=&quot;GMT+8&quot;/&gt;&lt;/attributes&gt;" autoStyle="true" des="" displayName="true" enabled="true" moduleId="77" name="RSS 订阅" processor="name.huliqing.qblog.processor.impl.RSSProcessor"/><data attributes="&lt;?xml version=&quot;1.0&quot; encoding=&quot;UTF-8&quot;?&gt;&lt;attributes&gt;&lt;attribute attrType=&quot;AttrHtmlEditor&quot; name=&quot;Content&quot; value=&quot;QBlog 是一个独立博客程序,使用Java开发，运行于AppEngine,界面简洁，配置自由，使用简单。&amp;lt;br /&amp;gt;&amp;lt;br /&amp;gt;下面是下载链接，任选一个即可，推荐使用一键安装版本，比较省事。&amp;lt;br /&amp;gt;另外提供一个在线Demo版本, &amp;lt;a href=&amp;quot;http://huliqing-test5.appspot.com/&amp;quot; target=&amp;quot;_blank&amp;quot;&amp;gt;http://huliqing-test5.appspot.com/&amp;lt;/a&amp;gt; 这个版本你可以任意操作,提供了登录帐号， 帐号:admin&amp;amp;nbsp; 密码:admin&amp;lt;br /&amp;gt;&amp;lt;br /&amp;gt;&amp;#13;&amp;#10;提示：下载最新版本请到这里 -&amp;amp;gt; &amp;lt;a href=&amp;quot;http://code.google.com/p/huliqing-qblog/downloads/list&amp;quot; target=&amp;quot;_blank&amp;quot;&amp;gt;http://code.google.com/p/huliqing-qblog/downloads/list&amp;lt;/a&amp;gt;&amp;lt;br /&amp;gt;&amp;lt;br /&amp;gt;&amp;#13;&amp;#10;&amp;#13;&amp;#10;&amp;lt;table style=&amp;quot;text-align: center; border: 1px solid rgb(240, 240, 240);&amp;quot; border=&amp;quot;0&amp;quot; width=&amp;quot;100%&amp;quot;&amp;gt;&amp;#13;&amp;#10;&amp;lt;tbody&amp;gt;&amp;#13;&amp;#10;&amp;lt;tr&amp;gt;&amp;#13;&amp;#10;&amp;lt;td style=&amp;quot;border: 1px solid rgb(240, 240, 240); vertical-align: top;&amp;quot; width=&amp;quot;50%&amp;quot;&amp;gt;&amp;#13;&amp;#10;&amp;#13;&amp;#10;&amp;#13;&amp;#10;&amp;lt;br /&amp;gt;&amp;#13;&amp;#10;&amp;#13;&amp;#10;&amp;lt;a style=&amp;quot;font-size: 140%;&amp;quot; href=&amp;quot;http://huliqing-qblog.googlecode.com/files/GAELauncher%20Setup%20for%20QBlog0.94.exe&amp;quot;&amp;gt;GAELauncher Setup for QBlog0.94.exe&amp;lt;/a&amp;gt; &amp;amp;nbsp; 31.9 MB&amp;#13;&amp;#10; &amp;lt;br /&amp;gt;&amp;lt;br /&amp;gt;一键安装版，里面捆绑了所有相关程式，文件较大，不过使用相当方便，下载后一键安装上传。适合一般普通用户(Windows)下载。另外，这个程序可以用来上传其它支持AppEngine的Java应用&amp;lt;br /&amp;gt;&amp;lt;br /&amp;gt;&amp;lt;/td&amp;gt;&amp;#13;&amp;#10;&amp;lt;td style=&amp;quot;border: 1px solid rgb(240, 240, 240); vertical-align: top;&amp;quot; width=&amp;quot;50%&amp;quot;&amp;gt;&amp;#13;&amp;#10;&amp;#13;&amp;#10;&amp;#13;&amp;#10;&amp;lt;br /&amp;gt;&amp;#13;&amp;#10; &amp;lt;a style=&amp;quot;font-size: 140%;&amp;quot; href=&amp;quot;http://huliqing-qblog.googlecode.com/files/QBlog-0.94.rar&amp;quot;&amp;gt;QBlog-0.94.rar&amp;lt;/a&amp;gt; &amp;amp;nbsp; 13.9 MB&amp;#13;&amp;#10; &amp;lt;br /&amp;gt;&amp;lt;br /&amp;gt;独立的WAR版本，弄过JavaWeb的都知道什么是WAR,这个适合Java开发者下载。嫌麻烦的话也可以下载“一键安装版”里面app目录下可找到这个版本的QBlog&amp;lt;br /&amp;gt;&amp;lt;/td&amp;gt;&amp;#13;&amp;#10;&amp;lt;/tr&amp;gt;&amp;#13;&amp;#10;&amp;lt;/tbody&amp;gt;&amp;#13;&amp;#10;&amp;lt;/table&amp;gt;&amp;#13;&amp;#10;&amp;#13;&amp;#10;&amp;#13;&amp;#10;&amp;lt;br /&amp;gt;&amp;lt;a href=&amp;quot;http://code.google.com/p/huliqing-qblog/downloads/list&amp;quot; target=&amp;quot;_blank&amp;quot;&amp;gt;&amp;lt;/a&amp;gt;&amp;lt;div style=&amp;quot;margin-left: 40px;&amp;quot;&amp;gt;&amp;lt;br /&amp;gt;&amp;lt;/div&amp;gt;关于Google免费空间的申请，这里提供一些参考链接，网上有相当多的介绍。&amp;lt;br /&amp;gt;&amp;lt;br /&amp;gt;&amp;lt;font style=&amp;quot;color: blue;&amp;quot; size=&amp;quot;5&amp;quot;&amp;gt;&amp;lt;a href=&amp;quot;http://huliqing-blog.appspot.com/article/articleId=210001,pageId=3&amp;quot; target=&amp;quot;_blank&amp;quot;&amp;gt;如何申请AppEngine免费空间来建立自己的独立博客&amp;lt;/a&amp;gt;&amp;lt;/font&amp;gt;&amp;#13;&amp;#10;&amp;#13;&amp;#10;&amp;lt;br /&amp;gt;&amp;#13;&amp;#10;&amp;lt;script type=&amp;quot;text/javascript&amp;quot;&amp;gt;&amp;lt;!--&amp;#13;&amp;#10;google_ad_client = &amp;quot;pub-0155192758955646&amp;quot;;&amp;#13;&amp;#10;/* 728x15, 创建于 10-8-1 */&amp;#13;&amp;#10;google_ad_slot = &amp;quot;2921691708&amp;quot;;&amp;#13;&amp;#10;google_ad_width = 700;&amp;#13;&amp;#10;google_ad_height = 15;&amp;#13;&amp;#10;//--&amp;gt;&amp;#13;&amp;#10;&amp;lt;/script&amp;gt;&amp;#13;&amp;#10;&amp;lt;script type=&amp;quot;text/javascript&amp;quot; src=&amp;quot;http://pagead2.googlesyndication.com/pagead/show_ads.js&amp;quot;&amp;gt;&amp;#13;&amp;#10;&amp;lt;/script&amp;gt;&amp;#13;&amp;#10;&amp;lt;p&amp;gt;&amp;#13;&amp;#10;&amp;#13;&amp;#10;&amp;#13;&amp;#10;&amp;lt;span style=&amp;quot;font-weight: bold;&amp;quot;&amp;gt;一、QBlog的特点&amp;lt;/span&amp;gt;&amp;lt;br /&amp;gt;&amp;lt;br /&amp;gt;&amp;lt;/p&amp;gt;&amp;lt;div style=&amp;quot;margin-left: 40px;&amp;quot;&amp;gt;简单、易用、高效、免费.&amp;lt;br /&amp;gt;&amp;lt;br /&amp;gt;可视化配置：页面的布局及模块的部署轻松自由,拖放操作，页面支持独立模版。&amp;lt;br /&amp;gt;&amp;lt;br /&amp;gt;完全组件化: 部署简单快速,一键搞定.&amp;lt;br /&amp;gt;&amp;lt;br /&amp;gt;备份及恢复：配置信息自由备份，轻松切换，一键搞定。&amp;lt;br /&amp;gt;&amp;lt;br /&amp;gt;1G的相册空间完全自由分配,支持外链。&amp;lt;br /&amp;gt;&amp;lt;br /&amp;gt;&amp;lt;/div&amp;gt;&amp;lt;br /&amp;gt;&amp;lt;span style=&amp;quot;font-weight: bold;&amp;quot;&amp;gt;二、运行环境&amp;lt;/span&amp;gt;&amp;lt;br /&amp;gt;&amp;lt;br /&amp;gt;&amp;lt;div style=&amp;quot;margin-left: 40px;&amp;quot;&amp;gt;QBlog运行在Google的免费服务器AppEngine中，它提供了多达1G的高效免费空间。&amp;lt;br /&amp;gt;&amp;lt;span style=&amp;quot;font-weight: bold;&amp;quot;&amp;gt;&amp;lt;/span&amp;gt;&amp;lt;/div&amp;gt;&amp;lt;span style=&amp;quot;font-weight: bold;&amp;quot;&amp;gt;&amp;lt;br /&amp;gt;&amp;lt;/span&amp;gt;&quot;/&gt;&lt;/attributes&gt;" autoStyle="true" des="" displayName="false" enabled="true" moduleId="208" name="关于QBlog" processor="name.huliqing.qblog.processor.impl.DefaultProcessor"/><data attributes="&lt;?xml version=&quot;1.0&quot; encoding=&quot;UTF-8&quot;?&gt;&lt;attributes&gt;&lt;attribute attrType=&quot;AttrHtmlEditor&quot; name=&quot;Content&quot; value=&quot;&amp;lt;div style=&amp;quot;margin-top: -6px; margin-left: -3px;&amp;quot;&amp;gt;&amp;#13;&amp;#10;&amp;lt;script type=&amp;quot;text/javascript&amp;quot;&amp;gt;&amp;lt;!--&amp;#13;&amp;#10;google_ad_client = &amp;quot;pub-0155192758955646&amp;quot;;&amp;#13;&amp;#10;/* 728x15, 创建于 10-8-1 */&amp;#13;&amp;#10;google_ad_slot = &amp;quot;2921691708&amp;quot;;&amp;#13;&amp;#10;google_ad_width = 700;&amp;#13;&amp;#10;google_ad_height = 15;&amp;#13;&amp;#10;//--&amp;gt;&amp;#13;&amp;#10;&amp;lt;/script&amp;gt;&amp;#13;&amp;#10;&amp;lt;script type=&amp;quot;text/javascript&amp;quot; src=&amp;quot;http://pagead2.googlesyndication.com/pagead/show_ads.js&amp;quot;&amp;gt;&amp;#13;&amp;#10;&amp;lt;/script&amp;gt;&amp;#13;&amp;#10;&amp;lt;/div&amp;gt;&quot;/&gt;&lt;/attributes&gt;" autoStyle="false" des="ad,word,700 * 15" displayName="false" enabled="true" moduleId="334" name="Ads-728*15" processor="name.huliqing.qblog.processor.impl.DefaultProcessor"/><data attributes="&lt;?xml version=&quot;1.0&quot; encoding=&quot;UTF-8&quot;?&gt;&lt;attributes&gt;&lt;attribute attrType=&quot;AttrInputText&quot; name=&quot;Columns&quot; value=&quot;1&quot;/&gt;&lt;attribute attrType=&quot;AttrSelectOneRadio&quot; name=&quot;Order&quot; value=&quot;createDate&quot;/&gt;&lt;attribute attrType=&quot;AttrSelectOneRadio&quot; name=&quot;Sort&quot; value=&quot;false&quot;/&gt;&lt;attribute attrType=&quot;AttrInputText&quot; name=&quot;Page Size&quot; value=&quot;4&quot;/&gt;&lt;attribute attrType=&quot;AttrInputText&quot; name=&quot;Display Page&quot; value=&quot;3&quot;/&gt;&lt;attribute attrType=&quot;AttrSelectBooleanCheckbox&quot; name=&quot;Display Jump&quot; value=&quot;false&quot;/&gt;&lt;attribute attrType=&quot;AttrSelectBooleanCheckbox&quot; name=&quot;Show Info&quot; value=&quot;false&quot;/&gt;&lt;attribute attrType=&quot;AttrSelectOneRadio&quot; name=&quot;Display&quot; value=&quot;bottom&quot;/&gt;&lt;attribute attrType=&quot;AttrSelectOneRadio&quot; name=&quot;Face&quot; value=&quot;1&quot;/&gt;&lt;attribute attrType=&quot;AttrSelectOneRadio&quot; name=&quot;Scroller&quot; value=&quot;true&quot;/&gt;&lt;attribute attrType=&quot;AttrSelectOneRadio&quot; name=&quot;Position&quot; value=&quot;center&quot;/&gt;&lt;attribute attrType=&quot;AttrSelectBooleanCheckbox&quot; name=&quot;Show Private&quot; value=&quot;true&quot;/&gt;&lt;/attributes&gt;" autoStyle="true" des="" displayName="true" enabled="true" moduleId="361" name="相册集" processor="name.huliqing.qblog.processor.impl.AlbumProcessor"/><data attributes="&lt;?xml version=&quot;1.0&quot; encoding=&quot;UTF-8&quot;?&gt;&lt;attributes&gt;&lt;attribute attrType=&quot;AttrInputText&quot; name=&quot;Default Album&quot; value=&quot;&quot;/&gt;&lt;attribute attrType=&quot;AttrSelectBooleanCheckbox&quot; name=&quot;Always&quot; value=&quot;false&quot;/&gt;&lt;attribute attrType=&quot;AttrInputText&quot; name=&quot;Columns&quot; value=&quot;4&quot;/&gt;&lt;attribute attrType=&quot;AttrSelectOneRadio&quot; name=&quot;Order&quot; value=&quot;createDate&quot;/&gt;&lt;attribute attrType=&quot;AttrSelectOneRadio&quot; name=&quot;Sort&quot; value=&quot;true&quot;/&gt;&lt;attribute attrType=&quot;AttrInputText&quot; name=&quot;Page Size&quot; value=&quot;16&quot;/&gt;&lt;attribute attrType=&quot;AttrInputText&quot; name=&quot;Display Page&quot; value=&quot;9&quot;/&gt;&lt;attribute attrType=&quot;AttrSelectBooleanCheckbox&quot; name=&quot;Display Jump&quot; value=&quot;false&quot;/&gt;&lt;attribute attrType=&quot;AttrSelectBooleanCheckbox&quot; name=&quot;Show Info&quot; value=&quot;true&quot;/&gt;&lt;attribute attrType=&quot;AttrSelectOneRadio&quot; name=&quot;Display&quot; value=&quot;bottom&quot;/&gt;&lt;attribute attrType=&quot;AttrSelectOneRadio&quot; name=&quot;Face&quot; value=&quot;1&quot;/&gt;&lt;attribute attrType=&quot;AttrSelectOneRadio&quot; name=&quot;Scroller&quot; value=&quot;true&quot;/&gt;&lt;attribute attrType=&quot;AttrSelectOneRadio&quot; name=&quot;Position&quot; value=&quot;center&quot;/&gt;&lt;attribute attrType=&quot;AttrSelectBooleanCheckbox&quot; name=&quot;Show Name&quot; value=&quot;true&quot;/&gt;&lt;attribute attrType=&quot;AttrSelectBooleanCheckbox&quot; name=&quot;Show Size&quot; value=&quot;true&quot;/&gt;&lt;attribute attrType=&quot;AttrSelectBooleanCheckbox&quot; name=&quot;Show Edit&quot; value=&quot;false&quot;/&gt;&lt;attribute attrType=&quot;AttrSelectBooleanCheckbox&quot; name=&quot;Show Line&quot; value=&quot;false&quot;/&gt;&lt;attribute attrType=&quot;AttrInputText&quot; name=&quot;Spacing&quot; value=&quot;5&quot;/&gt;&lt;attribute attrType=&quot;AttrInputText&quot; name=&quot;Table Width&quot; value=&quot;100%&quot;/&gt;&lt;attribute attrType=&quot;AttrInputText&quot; name=&quot;Pic Max Width&quot; value=&quot;100&quot;/&gt;&lt;attribute attrType=&quot;AttrInputText&quot; name=&quot;FC Required&quot; value=&quot;您正试图访问受保护的相册，这需要提供“获取码”才能访问.&quot;/&gt;&lt;attribute attrType=&quot;AttrInputText&quot; name=&quot;FC Error&quot; value=&quot;您输入的“获取码”错误,您可以尝试向博主索取获取码&quot;/&gt;&lt;attribute attrType=&quot;AttrInputText&quot; name=&quot;FC Color&quot; value=&quot;red&quot;/&gt;&lt;attribute attrType=&quot;AttrInputText&quot; name=&quot;FC Position&quot; value=&quot;500,200&quot;/&gt;&lt;/attributes&gt;" autoStyle="true" des="" displayName="false" enabled="true" moduleId="362" name="图片集" processor="name.huliqing.qblog.processor.impl.PhotoProcessor"/><data attributes="&lt;?xml version=&quot;1.0&quot; encoding=&quot;UTF-8&quot;?&gt;&lt;attributes&gt;&lt;attribute attrType=&quot;AttrInputTextarea&quot; name=&quot;List&quot; value=&quot;58951991&quot;/&gt;&lt;attribute attrType=&quot;AttrSelectBooleanCheckbox&quot; name=&quot;Auto Start&quot; value=&quot;true&quot;/&gt;&lt;attribute attrType=&quot;AttrInputText&quot; name=&quot;Play Index&quot; value=&quot;&quot;/&gt;&lt;attribute attrType=&quot;AttrInputText&quot; name=&quot;Width&quot; value=&quot;480&quot;/&gt;&lt;attribute attrType=&quot;AttrInputText&quot; name=&quot;Height&quot; value=&quot;400&quot;/&gt;&lt;/attributes&gt;" autoStyle="true" des="58951991 - The Rain" displayName="false" enabled="true" moduleId="399" name="土豆播放器" processor="name.huliqing.qblog.processor.impl.TuDouFlashPlayerProcessor"/><data attributes="&lt;?xml version=&quot;1.0&quot; encoding=&quot;UTF-8&quot;?&gt;&lt;attributes&gt;&lt;attribute attrType=&quot;AttrHtmlEditor&quot; name=&quot;Content&quot; value=&quot;&amp;lt;br /&amp;gt;&amp;lt;ul&amp;gt;&amp;lt;li&amp;gt;&amp;lt;a href=&amp;quot;?iid=60250954&amp;quot;&amp;gt;無人熟識 - 張清芳&amp;lt;/a&amp;gt;&amp;lt;/li&amp;gt;&amp;lt;/ul&amp;gt;&amp;lt;ul&amp;gt;&amp;lt;li&amp;gt;&amp;lt;a href=&amp;quot;?iid=60250548&amp;quot;&amp;gt; 雨水我问你&amp;lt;/a&amp;gt;&amp;lt;/li&amp;gt;&amp;lt;/ul&amp;gt;&amp;#13;&amp;#10;&amp;lt;ul&amp;gt;&amp;lt;li&amp;gt;&amp;lt;a href=&amp;quot;?iid=29006082&amp;quot;&amp;gt;一度君恋&amp;lt;/a&amp;gt;&amp;lt;/li&amp;gt;&amp;lt;/ul&amp;gt;&amp;lt;ul&amp;gt;&amp;lt;li&amp;gt;&amp;lt;a href=&amp;quot;?iid=58951991&amp;quot;&amp;gt;The Rain&amp;lt;/a&amp;gt;&amp;lt;/li&amp;gt;&amp;lt;/ul&amp;gt;&amp;lt;ul&amp;gt;&amp;lt;li&amp;gt;&amp;lt;a href=&amp;quot;?iid=28717379&amp;quot;&amp;gt;天涯-爱乐团&amp;lt;/a&amp;gt;&amp;lt;/li&amp;gt;&amp;lt;/ul&amp;gt;&amp;#13;&amp;#10;&amp;lt;ul&amp;gt;&amp;lt;li&amp;gt;&amp;lt;a href=&amp;quot;?iid=55900471&amp;quot;&amp;gt;死神OP&amp;lt;/a&amp;gt;&amp;lt;/li&amp;gt;&amp;lt;/ul&amp;gt;&quot;/&gt;&lt;/attributes&gt;" autoStyle="true" des="" displayName="false" enabled="true" moduleId="27" name="示例音乐列表" processor="name.huliqing.qblog.processor.impl.DefaultProcessor"/><data attributes="&lt;?xml version=&quot;1.0&quot; encoding=&quot;UTF-8&quot;?&gt;&lt;attributes&gt;&lt;attribute attrType=&quot;AttrInputTextarea&quot; name=&quot;List&quot; value=&quot;lid=10120106&quot;/&gt;&lt;attribute attrType=&quot;AttrSelectBooleanCheckbox&quot; name=&quot;Auto Start&quot; value=&quot;false&quot;/&gt;&lt;attribute attrType=&quot;AttrInputText&quot; name=&quot;Play Index&quot; value=&quot;1&quot;/&gt;&lt;attribute attrType=&quot;AttrInputText&quot; name=&quot;Width&quot; value=&quot;100%&quot;/&gt;&lt;attribute attrType=&quot;AttrInputText&quot; name=&quot;Height&quot; value=&quot;27&quot;/&gt;&lt;/attributes&gt;" autoStyle="true" des="音频-好听的音乐" displayName="false" enabled="true" moduleId="48002" name="音频-好听的音乐" processor="name.huliqing.qblog.processor.impl.TuDouFlashPlayerProcessor"/><data attributes="&lt;?xml version=&quot;1.0&quot; encoding=&quot;UTF-8&quot;?&gt;&lt;attributes&gt;&lt;attribute attrType=&quot;AttrHtmlEditor&quot; name=&quot;Content&quot; value=&quot;QBlog 是一个独立博客程序,使用Java开发，运行于AppEngine,&amp;lt;br /&amp;gt;下面是关于QBlog程序开发的一些相关信息以及开放源码地址。&amp;lt;br /&amp;gt;&amp;lt;br /&amp;gt;---- 在线Demo&amp;lt;br /&amp;gt;&amp;lt;br /&amp;gt;&amp;lt;a href=&amp;quot;http://huliqing-test5.appspot.com/&amp;quot; target=&amp;quot;_blank&amp;quot;&amp;gt;http://huliqing-test5.appspot.com/&amp;lt;/a&amp;gt;&amp;lt;br /&amp;gt;&amp;lt;br /&amp;gt;---- QBlog的开发环境&amp;lt;br /&amp;gt;&amp;lt;br /&amp;gt;编程语言：Java 1.6.0_21&amp;lt;br /&amp;gt;&amp;lt;br /&amp;gt;运行时： Java1.5 / 1.6 或更高&amp;lt;br /&amp;gt;&amp;lt;br /&amp;gt;源码/二进制格式：JDK1.5&amp;lt;br /&amp;gt;&amp;lt;br /&amp;gt;编码：UTF-8&amp;lt;br /&amp;gt;&amp;lt;br /&amp;gt;开发工具：NetBeans6.8 (App Engine 插件)&amp;lt;br /&amp;gt;&amp;lt;br /&amp;gt;集成框架：JSF2.0, QFaces2.0(My Ajax Framework), JPA, Facelets&amp;lt;br /&amp;gt;&amp;lt;br /&amp;gt;服务器：App Engine1.3.5 (Google)&amp;lt;br /&amp;gt;&amp;lt;br /&amp;gt;Notice:&amp;lt;br /&amp;gt;&amp;lt;br /&amp;gt;1.可以使用Java1.5,1.6开发;&amp;lt;br /&amp;gt;&amp;lt;br /&amp;gt;2.二进制编译尽量使用JDK1.5, 这可以保证在jre1.5, 1.6下运行正常;&amp;lt;br /&amp;gt;&amp;lt;br /&amp;gt;3.编码UTF8不应该更改, 否则可能乱码;&amp;lt;br /&amp;gt;&amp;lt;br /&amp;gt;4.工具用NetBeans6.7、6.8 或eclipse, NetBeans6.9中的App Engine目前可能还存在bug;&amp;lt;br /&amp;gt;&amp;lt;br /&amp;gt;5.lib中的JSF版本为2.0.2RC, 不要使用其它版本代替，否则可能无法兼容AppEngine;&amp;lt;br /&amp;gt;&amp;lt;br /&amp;gt;6.AppEngine尽量使用1.3.5， 其它版本我目前没有进行过测试。&amp;lt;br /&amp;gt;&amp;lt;br /&amp;gt;7.尽量使用推荐的环境，这样你使用netbeans直接checkout之后即可运行，使用eclipse则需要自己手动导入.&amp;lt;br /&amp;gt;&amp;lt;br /&amp;gt;---- 源码地址&amp;lt;br /&amp;gt;&amp;lt;br /&amp;gt;&amp;lt;a href=&amp;quot;http://code.google.com/p/huliqing-qblog/&amp;quot; target=&amp;quot;_blank&amp;quot;&amp;gt;http://code.google.com/p/huliqing-qblog/&amp;lt;/a&amp;gt;&amp;lt;br /&amp;gt;&amp;lt;br /&amp;gt;---- License&amp;lt;br /&amp;gt;&amp;lt;br /&amp;gt;GNU Lesser General Public License (LGPL v.3.0)&amp;lt;br /&amp;gt;&amp;lt;br /&amp;gt;---- 寻求作者帮助&amp;lt;br /&amp;gt;&amp;lt;br /&amp;gt;Blog: &amp;lt;a href=&amp;quot;http://www.huliqing.name/&amp;quot;&amp;gt;http://www.huliqing.name/&amp;lt;/a&amp;gt;&amp;lt;br /&amp;gt;&amp;lt;br /&amp;gt;Email: huliqing.cn@gmail.com&amp;lt;br /&amp;gt;&amp;lt;br /&amp;gt;QQ：31703299&amp;lt;br /&amp;gt;&amp;lt;br /&amp;gt;&quot;/&gt;&lt;/attributes&gt;" autoStyle="false" des="QBlog源码开放说明" displayName="false" enabled="true" moduleId="146001" name="QBlog源码开放" processor="name.huliqing.qblog.processor.impl.DefaultProcessor"/><data attributes="&lt;?xml version=&quot;1.0&quot; encoding=&quot;UTF-8&quot;?&gt;&lt;attributes&gt;&lt;attribute attrType=&quot;AttrHtmlEditor&quot; name=&quot;Content&quot; value=&quot;&amp;lt;div id=&amp;quot;wikicontent&amp;quot; style=&amp;quot;padding: 0pt 3em 1.2em 0pt;&amp;quot;&amp;gt;&amp;amp;nbsp;&amp;amp;nbsp;&amp;amp;nbsp;&amp;amp;nbsp;&amp;#13;&amp;#10; QFaces是一个开源的JSF ajax组件框架，这个软件开放在LGPLv3下，你可以自由的使用该软件。 &amp;#13;&amp;#10;&amp;lt;p&amp;gt;这个组件包支持标准jsf2.0应用及facelets页面技术。它可以帮助你实现更友好的用户体验，并完全简化JSF web的开发过程。 &amp;lt;br /&amp;gt;&amp;lt;/p&amp;gt;&amp;lt;p&amp;gt;Demo 地址：&amp;lt;a href=&amp;quot;http://huliqing-qfaces.appspot.com/&amp;quot; target=&amp;quot;_blank&amp;quot;&amp;gt;http://huliqing-qfaces.appspot.com/&amp;lt;/a&amp;gt;&amp;lt;/p&amp;gt;&amp;lt;p&amp;gt;源码开放地址： &amp;lt;a href=&amp;quot;http://code.google.com/p/qfaces/&amp;quot; target=&amp;quot;_blank&amp;quot;&amp;gt;http://code.google.com/p/qfaces/&amp;lt;/a&amp;gt;&amp;lt;/p&amp;gt;&amp;lt;p&amp;gt;---- 程序相关 &amp;lt;/p&amp;gt;&amp;lt;p&amp;gt;支持应用：JSF2.0 &amp;lt;/p&amp;gt;&amp;lt;p&amp;gt;开发工具: Netbeans6.8(GAE插件) &amp;lt;/p&amp;gt;&amp;lt;p&amp;gt;测试服务器：AppEngine1&amp;lt;a href=&amp;quot;http://code.google.com/p/qfaces/w/edit/AppEngine1&amp;quot;&amp;gt;?&amp;lt;/a&amp;gt;.3.5 &amp;lt;/p&amp;gt;&amp;lt;p&amp;gt;开发语言: Java1.6.0_21 &amp;lt;/p&amp;gt;&amp;lt;p&amp;gt;编译/二进制格式: Java 1.5 &amp;lt;/p&amp;gt;&amp;lt;p&amp;gt;源码文件格式：UTF-8 &amp;lt;/p&amp;gt;&amp;lt;/div&amp;gt;&quot;/&gt;&lt;/attributes&gt;" autoStyle="false" des="QFaces源码开放" displayName="false" enabled="true" moduleId="150002" name="QFaces源码开放" processor="name.huliqing.qblog.processor.impl.DefaultProcessor"/><data attributes="&lt;?xml version=&quot;1.0&quot; encoding=&quot;UTF-8&quot;?&gt;&lt;attributes&gt;&lt;attribute attrType=&quot;AttrHtmlEditor&quot; name=&quot;Content&quot; value=&quot;&amp;lt;script type=&amp;quot;text/javascript&amp;quot;&amp;gt;&amp;lt;!--&amp;#13;&amp;#10;google_ad_client = &amp;quot;pub-0155192758955646&amp;quot;;&amp;#13;&amp;#10;/* 200x200, created 10/3/10 */&amp;#13;&amp;#10;google_ad_slot = &amp;quot;8258176493&amp;quot;;&amp;#13;&amp;#10;google_ad_width = 200;&amp;#13;&amp;#10;google_ad_height = 200;&amp;#13;&amp;#10;//--&amp;gt;&amp;#13;&amp;#10;&amp;lt;/script&amp;gt;&amp;#13;&amp;#10;&amp;lt;script type=&amp;quot;text/javascript&amp;quot; src=&amp;quot;http://pagead2.googlesyndication.com/pagead/show_ads.js&amp;quot;&amp;gt;&amp;#13;&amp;#10;&amp;lt;/script&amp;gt;&quot;/&gt;&lt;/attributes&gt;" autoStyle="false" des="ad, image, 200 * 200" displayName="false" enabled="true" moduleId="179003" name="Ads-200*200" processor="name.huliqing.qblog.processor.impl.DefaultProcessor"/><data attributes="&lt;?xml version=&quot;1.0&quot; encoding=&quot;UTF-8&quot;?&gt;&lt;attributes&gt;&lt;attribute attrType=&quot;AttrInputText&quot; name=&quot;Modules&quot; value=&quot;399,27&quot;/&gt;&lt;attribute attrType=&quot;AttrInputText&quot; name=&quot;Columns&quot; value=&quot;2&quot;/&gt;&lt;attribute attrType=&quot;AttrInputText&quot; name=&quot;Border&quot; value=&quot;0&quot;/&gt;&lt;attribute attrType=&quot;AttrInputText&quot; name=&quot;Width&quot; value=&quot;100%&quot;/&gt;&lt;attribute attrType=&quot;AttrSelectOneRadio&quot; name=&quot;Valign&quot; value=&quot;top&quot;/&gt;&lt;attribute attrType=&quot;AttrInputText&quot; name=&quot;Style Full&quot; value=&quot;&quot;/&gt;&lt;attribute attrType=&quot;AttrInputTextarea&quot; name=&quot;Style Columns&quot; value=&quot;&quot;/&gt;&lt;/attributes&gt;" autoStyle="false" des="播放列表与土豆播放器" displayName="false" enabled="true" moduleId="155006" name="一些喜欢的音乐" processor="name.huliqing.qblog.processor.impl.ModulePanelProcessor"/></ModuleEn><PageModuleEn class="name.huliqing.qblog.entity.PageModuleEn"><data moduleGroup="TOP" moduleId="40" pageId="343" pageModuleId="578" sort="1"/><data moduleGroup="NAVIGATION" moduleId="2" pageId="343" pageModuleId="579" sort="1"/><data moduleGroup="MENU" moduleId="1" pageId="343" pageModuleId="580" sort="1"/><data moduleGroup="MENU" moduleId="179003" pageId="343" pageModuleId="581" sort="2"/><data moduleGroup="MENU" moduleId="361" pageId="343" pageModuleId="582" sort="3"/><data moduleGroup="CONTENT" moduleId="362" pageId="343" pageModuleId="583" sort="1"/><data moduleGroup="CONTENT" moduleId="34" pageId="343" pageModuleId="584" sort="2"/><data moduleGroup="CONTENT" moduleId="334" pageId="343" pageModuleId="585" sort="3"/><data moduleGroup="FOOTER" moduleId="47" pageId="343" pageModuleId="586" sort="1"/><data moduleGroup="TOP" moduleId="40" pageId="3" pageModuleId="600" sort="1"/><data moduleGroup="NAVIGATION" moduleId="2" pageId="3" pageModuleId="601" sort="1"/><data moduleGroup="MENU" moduleId="1" pageId="3" pageModuleId="602" sort="1"/><data moduleGroup="MENU" moduleId="29" pageId="3" pageModuleId="603" sort="2"/><data moduleGroup="MENU" moduleId="77" pageId="3" pageModuleId="604" sort="3"/><data moduleGroup="MENU" moduleId="34" pageId="3" pageModuleId="605" sort="4"/><data moduleGroup="MENU" moduleId="55" pageId="3" pageModuleId="606" sort="5"/><data moduleGroup="MENU" moduleId="179003" pageId="3" pageModuleId="607" sort="6"/><data moduleGroup="CONTENT" moduleId="334" pageId="3" pageModuleId="608" sort="1"/><data moduleGroup="CONTENT" moduleId="7" pageId="3" pageModuleId="609" sort="2"/><data moduleGroup="FOOTER" moduleId="47" pageId="3" pageModuleId="610" sort="1"/><data moduleGroup="NAVIGATION" moduleId="2" pageId="113" pageModuleId="155007" sort="1"/><data moduleGroup="MENU" moduleId="1" pageId="113" pageModuleId="156006" sort="1"/><data moduleGroup="MENU" moduleId="179003" pageId="113" pageModuleId="157006" sort="2"/><data moduleGroup="MENU" moduleId="29" pageId="158001" pageModuleId="169007" sort="2"/><data moduleGroup="MENU" moduleId="34" pageId="158001" pageModuleId="170006" sort="3"/><data moduleGroup="NAVIGATION" moduleId="2" pageId="158001" pageModuleId="173010" sort="1"/><data moduleGroup="MENU" moduleId="29" pageId="145001" pageModuleId="176003" sort="2"/><data moduleGroup="FOOTER" moduleId="47" pageId="113" pageModuleId="178004" sort="1"/><data moduleGroup="TOP" moduleId="40" pageId="145001" pageModuleId="181002" sort="1"/><data moduleGroup="FOOTER" moduleId="47" pageId="4" pageModuleId="185008" sort="1"/><data moduleGroup="NAVIGATION" moduleId="2" pageId="145001" pageModuleId="186002" sort="1"/><data moduleGroup="CONTENT" moduleId="150002" pageId="158001" pageModuleId="186005" sort="1"/><data moduleGroup="MENU" moduleId="1" pageId="145001" pageModuleId="187002" sort="1"/><data moduleGroup="MENU" moduleId="34" pageId="145001" pageModuleId="188001" sort="3"/><data moduleGroup="CONTENT" moduleId="146001" pageId="145001" pageModuleId="189001" sort="1"/><data moduleGroup="CONTENT" moduleId="334" pageId="145001" pageModuleId="190001" sort="2"/><data moduleGroup="FOOTER" moduleId="47" pageId="145001" pageModuleId="191001" sort="1"/><data moduleGroup="CONTENT" moduleId="155006" pageId="113" pageModuleId="194007" sort="1"/><data moduleGroup="CONTENT" moduleId="34" pageId="113" pageModuleId="195008" sort="2"/><data moduleGroup="NAVIGATION" moduleId="2" pageId="4" pageModuleId="198007" sort="1"/><data moduleGroup="MENU" moduleId="34" pageId="4" pageModuleId="199012" sort="3"/><data moduleGroup="MENU" moduleId="1" pageId="158001" pageModuleId="202002" sort="1"/><data moduleGroup="CONTENT" moduleId="208" pageId="4" pageModuleId="202004" sort="2"/><data moduleGroup="FOOTER" moduleId="47" pageId="158001" pageModuleId="203006" sort="1"/><data moduleGroup="TOP" moduleId="40" pageId="158001" pageModuleId="204006" sort="1"/><data moduleGroup="TOP" moduleId="40" pageId="4" pageModuleId="210006" sort="1"/><data moduleGroup="MENU" moduleId="1" pageId="4" pageModuleId="221005" sort="1"/><data moduleGroup="CONTENT" moduleId="334" pageId="158001" pageModuleId="227004" sort="2"/><data moduleGroup="MENU" moduleId="29" pageId="4" pageModuleId="232009" sort="2"/><data moduleGroup="CONTENT" moduleId="48002" pageId="4" pageModuleId="237003" sort="1"/><data moduleGroup="TOP" moduleId="40" pageId="113" pageModuleId="241001" sort="1"/></PageModuleEn></backup>